"Model","m","n","phi","q","p","S","TopKList","MaxRank","Rule","Metric","Value"
"Mallows",3,51,0.15,"2/3",1.5849625007211563,2000,"{1, 2, 3}","Automatic","Borda","NeverFirstRate",0.
"Mallows",3,51,0.15,"2/3",1.5849625007211563,2000,"{1, 2, 3}","Automatic","Borda","NoiseFlipRate",0.02
"Mallows",3,51,0.15,"2/3",1.5849625007211563,2000,"{1, 2, 3}","Automatic","Borda","CondorcetExistRate",1.
"Mallows",3,51,0.15,"2/3",1.5849625007211563,2000,"{1, 2, 3}","Automatic","Borda","CondorcetEfficiency",1.
"Mallows",3,51,0.15,"2/3",1.5849625007211563,2000,"{1, 2, 3}","Automatic","Borda","MidScore",0.
"Mallows",3,51,0.15,"2/3",1.5849625007211563,2000,"{1, 2, 3}","Automatic","Borda","Top1Acceptability",0.8513823529411758
"Mallows",3,51,0.15,"2/3",1.5849625007211563,2000,"{1, 2, 3}","Automatic","Borda","Top2Acceptability",0.9809509803921564
"Mallows",3,51,0.15,"2/3",1.5849625007211563,2000,"{1, 2, 3}","Automatic","Borda","Top3Acceptability",1.
"Mallows",3,51,0.15,"2/3",1.5849625007211563,2000,"{1, 2, 3}","Automatic","Plurality","NeverFirstRate",0.
"Mallows",3,51,0.15,"2/3",1.5849625007211563,2000,"{1, 2, 3}","Automatic","Plurality","NoiseFlipRate",0.3455
"Mallows",3,51,0.15,"2/3",1.5849625007211563,2000,"{1, 2, 3}","Automatic","Plurality","CondorcetExistRate",1.
"Mallows",3,51,0.15,"2/3",1.5849625007211563,2000,"{1, 2, 3}","Automatic","Plurality","CondorcetEfficiency",1.
"Mallows",3,51,0.15,"2/3",1.5849625007211563,2000,"{1, 2, 3}","Automatic","Plurality","MidScore",0.
"Mallows",3,51,0.15,"2/3",1.5849625007211563,2000,"{1, 2, 3}","Automatic","Plurality","Top1Acceptability",0.8513823529411758
"Mallows",3,51,0.15,"2/3",1.5849625007211563,2000,"{1, 2, 3}","Automatic","Plurality","Top2Acceptability",0.9809509803921564
"Mallows",3,51,0.15,"2/3",1.5849625007211563,2000,"{1, 2, 3}","Automatic","Plurality","Top3Acceptability",1.
"Mallows",3,51,0.15,"2/3",1.5849625007211563,2000,"{1, 2, 3}","Automatic","Coombs","NeverFirstRate",0.
"Mallows",3,51,0.15,"2/3",1.5849625007211563,2000,"{1, 2, 3}","Automatic","Coombs","NoiseFlipRate",0.245
"Mallows",3,51,0.15,"2/3",1.5849625007211563,2000,"{1, 2, 3}","Automatic","Coombs","CondorcetExistRate",1.
"Mallows",3,51,0.15,"2/3",1.5849625007211563,2000,"{1, 2, 3}","Automatic","Coombs","CondorcetEfficiency",1.
"Mallows",3,51,0.15,"2/3",1.5849625007211563,2000,"{1, 2, 3}","Automatic","Coombs","MidScore",0.
"Mallows",3,51,0.15,"2/3",1.5849625007211563,2000,"{1, 2, 3}","Automatic","Coombs","Top1Acceptability",0.8513823529411758
"Mallows",3,51,0.15,"2/3",1.5849625007211563,2000,"{1, 2, 3}","Automatic","Coombs","Top2Acceptability",0.9809509803921564
"Mallows",3,51,0.15,"2/3",1.5849625007211563,2000,"{1, 2, 3}","Automatic","Coombs","Top3Acceptability",1.
"Mallows",3,51,0.15,"2/3",1.5849625007211563,2000,"{1, 2, 3}","Automatic","QR","NeverFirstRate",0.
"Mallows",3,51,0.15,"2/3",1.5849625007211563,2000,"{1, 2, 3}","Automatic","QR","NoiseFlipRate",0.0015
"Mallows",3,51,0.15,"2/3",1.5849625007211563,2000,"{1, 2, 3}","Automatic","QR","CondorcetExistRate",1.
"Mallows",3,51,0.15,"2/3",1.5849625007211563,2000,"{1, 2, 3}","Automatic","QR","CondorcetEfficiency",1.
"Mallows",3,51,0.15,"2/3",1.5849625007211563,2000,"{1, 2, 3}","Automatic","QR","MidScore",0.
"Mallows",3,51,0.15,"2/3",1.5849625007211563,2000,"{1, 2, 3}","Automatic","QR","Top1Acceptability",0.8513823529411758
"Mallows",3,51,0.15,"2/3",1.5849625007211563,2000,"{1, 2, 3}","Automatic","QR","Top2Acceptability",0.9809509803921564
"Mallows",3,51,0.15,"2/3",1.5849625007211563,2000,"{1, 2, 3}","Automatic","QR","Top3Acceptability",1.
"Mallows",3,51,0.15,"2/3",1.5849625007211563,2000,"{1, 2, 3}","Automatic","SDM","NeverFirstRate",0.
"Mallows",3,51,0.15,"2/3",1.5849625007211563,2000,"{1, 2, 3}","Automatic","SDM","NoiseFlipRate",0.0025
"Mallows",3,51,0.15,"2/3",1.5849625007211563,2000,"{1, 2, 3}","Automatic","SDM","CondorcetExistRate",1.
"Mallows",3,51,0.15,"2/3",1.5849625007211563,2000,"{1, 2, 3}","Automatic","SDM","CondorcetEfficiency",1.
"Mallows",3,51,0.15,"2/3",1.5849625007211563,2000,"{1, 2, 3}","Automatic","SDM","MidScore",0.
"Mallows",3,51,0.15,"2/3",1.5849625007211563,2000,"{1, 2, 3}","Automatic","SDM","Top1Acceptability",0.8513823529411758
"Mallows",3,51,0.15,"2/3",1.5849625007211563,2000,"{1, 2, 3}","Automatic","SDM","Top2Acceptability",0.9809509803921564
"Mallows",3,51,0.15,"2/3",1.5849625007211563,2000,"{1, 2, 3}","Automatic","SDM","Top3Acceptability",1.
"Mallows",3,51,0.15,"2/3",1.5849625007211563,2000,"{1, 2, 3}","Automatic","Fallback","NeverFirstRate",0.0765
"Mallows",3,51,0.15,"2/3",1.5849625007211563,2000,"{1, 2, 3}","Automatic","Fallback","NoiseFlipRate",0.6415
"Mallows",3,51,0.15,"2/3",1.5849625007211563,2000,"{1, 2, 3}","Automatic","Fallback","CondorcetExistRate",1.
"Mallows",3,51,0.15,"2/3",1.5849625007211563,2000,"{1, 2, 3}","Automatic","Fallback","CondorcetEfficiency",0.583
"Mallows",3,51,0.15,"2/3",1.5849625007211563,2000,"{1, 2, 3}","Automatic","Fallback","MidScore",0.198
"Mallows",3,51,0.15,"2/3",1.5849625007211563,2000,"{1, 2, 3}","Automatic","Fallback","Top1Acceptability",0.532813725490196
"Mallows",3,51,0.15,"2/3",1.5849625007211563,2000,"{1, 2, 3}","Automatic","Fallback","Top2Acceptability",0.7832647058823528
"Mallows",3,51,0.15,"2/3",1.5849625007211563,2000,"{1, 2, 3}","Automatic","Fallback","Top3Acceptability",1.
"Mallows",5,51,0.15,"2/3",1.5849625007211563,2000,"{1, 2, 3}","Automatic","Borda","NeverFirstRate",0.
"Mallows",5,51,0.15,"2/3",1.5849625007211563,2000,"{1, 2, 3}","Automatic","Borda","NoiseFlipRate",0.
"Mallows",5,51,0.15,"2/3",1.5849625007211563,2000,"{1, 2, 3}","Automatic","Borda","CondorcetExistRate",1.
"Mallows",5,51,0.15,"2/3",1.5849625007211563,2000,"{1, 2, 3}","Automatic","Borda","CondorcetEfficiency",1.
"Mallows",5,51,0.15,"2/3",1.5849625007211563,2000,"{1, 2, 3}","Automatic","Borda","MidScore",0.
"Mallows",5,51,0.15,"2/3",1.5849625007211563,2000,"{1, 2, 3}","Automatic","Borda","Top1Acceptability",0.8506274509803915
"Mallows",5,51,0.15,"2/3",1.5849625007211563,2000,"{1, 2, 3}","Automatic","Borda","Top2Acceptability",0.9780882352941171
"Mallows",5,51,0.15,"2/3",1.5849625007211563,2000,"{1, 2, 3}","Automatic","Borda","Top3Acceptability",0.9966568627450981
"Mallows",5,51,0.15,"2/3",1.5849625007211563,2000,"{1, 2, 3}","Automatic","Plurality","NeverFirstRate",0.
"Mallows",5,51,0.15,"2/3",1.5849625007211563,2000,"{1, 2, 3}","Automatic","Plurality","NoiseFlipRate",0.0015
"Mallows",5,51,0.15,"2/3",1.5849625007211563,2000,"{1, 2, 3}","Automatic","Plurality","CondorcetExistRate",1.
"Mallows",5,51,0.15,"2/3",1.5849625007211563,2000,"{1, 2, 3}","Automatic","Plurality","CondorcetEfficiency",1.
"Mallows",5,51,0.15,"2/3",1.5849625007211563,2000,"{1, 2, 3}","Automatic","Plurality","MidScore",0.
"Mallows",5,51,0.15,"2/3",1.5849625007211563,2000,"{1, 2, 3}","Automatic","Plurality","Top1Acceptability",0.8506274509803915
"Mallows",5,51,0.15,"2/3",1.5849625007211563,2000,"{1, 2, 3}","Automatic","Plurality","Top2Acceptability",0.9780882352941171
"Mallows",5,51,0.15,"2/3",1.5849625007211563,2000,"{1, 2, 3}","Automatic","Plurality","Top3Acceptability",0.9966568627450981
"Mallows",5,51,0.15,"2/3",1.5849625007211563,2000,"{1, 2, 3}","Automatic","Coombs","NeverFirstRate",0.
"Mallows",5,51,0.15,"2/3",1.5849625007211563,2000,"{1, 2, 3}","Automatic","Coombs","NoiseFlipRate",0.
"Mallows",5,51,0.15,"2/3",1.5849625007211563,2000,"{1, 2, 3}","Automatic","Coombs","CondorcetExistRate",1.
"Mallows",5,51,0.15,"2/3",1.5849625007211563,2000,"{1, 2, 3}","Automatic","Coombs","CondorcetEfficiency",1.
"Mallows",5,51,0.15,"2/3",1.5849625007211563,2000,"{1, 2, 3}","Automatic","Coombs","MidScore",0.
"Mallows",5,51,0.15,"2/3",1.5849625007211563,2000,"{1, 2, 3}","Automatic","Coombs","Top1Acceptability",0.8506274509803915
"Mallows",5,51,0.15,"2/3",1.5849625007211563,2000,"{1, 2, 3}","Automatic","Coombs","Top2Acceptability",0.9780882352941171
"Mallows",5,51,0.15,"2/3",1.5849625007211563,2000,"{1, 2, 3}","Automatic","Coombs","Top3Acceptability",0.9966568627450981
"Mallows",5,51,0.15,"2/3",1.5849625007211563,2000,"{1, 2, 3}","Automatic","QR","NeverFirstRate",0.
"Mallows",5,51,0.15,"2/3",1.5849625007211563,2000,"{1, 2, 3}","Automatic","QR","NoiseFlipRate",0.
"Mallows",5,51,0.15,"2/3",1.5849625007211563,2000,"{1, 2, 3}","Automatic","QR","CondorcetExistRate",1.
"Mallows",5,51,0.15,"2/3",1.5849625007211563,2000,"{1, 2, 3}","Automatic","QR","CondorcetEfficiency",1.
"Mallows",5,51,0.15,"2/3",1.5849625007211563,2000,"{1, 2, 3}","Automatic","QR","MidScore",0.
"Mallows",5,51,0.15,"2/3",1.5849625007211563,2000,"{1, 2, 3}","Automatic","QR","Top1Acceptability",0.8506274509803915
"Mallows",5,51,0.15,"2/3",1.5849625007211563,2000,"{1, 2, 3}","Automatic","QR","Top2Acceptability",0.9780882352941171
"Mallows",5,51,0.15,"2/3",1.5849625007211563,2000,"{1, 2, 3}","Automatic","QR","Top3Acceptability",0.9966568627450981
"Mallows",5,51,0.15,"2/3",1.5849625007211563,2000,"{1, 2, 3}","Automatic","SDM","NeverFirstRate",0.
"Mallows",5,51,0.15,"2/3",1.5849625007211563,2000,"{1, 2, 3}","Automatic","SDM","NoiseFlipRate",0.0005
"Mallows",5,51,0.15,"2/3",1.5849625007211563,2000,"{1, 2, 3}","Automatic","SDM","CondorcetExistRate",1.
"Mallows",5,51,0.15,"2/3",1.5849625007211563,2000,"{1, 2, 3}","Automatic","SDM","CondorcetEfficiency",1.
"Mallows",5,51,0.15,"2/3",1.5849625007211563,2000,"{1, 2, 3}","Automatic","SDM","MidScore",0.
"Mallows",5,51,0.15,"2/3",1.5849625007211563,2000,"{1, 2, 3}","Automatic","SDM","Top1Acceptability",0.8506274509803915
"Mallows",5,51,0.15,"2/3",1.5849625007211563,2000,"{1, 2, 3}","Automatic","SDM","Top2Acceptability",0.9780882352941171
"Mallows",5,51,0.15,"2/3",1.5849625007211563,2000,"{1, 2, 3}","Automatic","SDM","Top3Acceptability",0.9966568627450981
"Mallows",5,51,0.15,"2/3",1.5849625007211563,2000,"{1, 2, 3}","Automatic","Fallback","NeverFirstRate",0.005
"Mallows",5,51,0.15,"2/3",1.5849625007211563,2000,"{1, 2, 3}","Automatic","Fallback","NoiseFlipRate",0.2325
"Mallows",5,51,0.15,"2/3",1.5849625007211563,2000,"{1, 2, 3}","Automatic","Fallback","CondorcetExistRate",1.
"Mallows",5,51,0.15,"2/3",1.5849625007211563,2000,"{1, 2, 3}","Automatic","Fallback","CondorcetEfficiency",0.803
"Mallows",5,51,0.15,"2/3",1.5849625007211563,2000,"{1, 2, 3}","Automatic","Fallback","MidScore",0.106
"Mallows",5,51,0.15,"2/3",1.5849625007211563,2000,"{1, 2, 3}","Automatic","Fallback","Top1Acceptability",0.7102156862745094
"Mallows",5,51,0.15,"2/3",1.5849625007211563,2000,"{1, 2, 3}","Automatic","Fallback","Top2Acceptability",0.9470196078431368
"Mallows",5,51,0.15,"2/3",1.5849625007211563,2000,"{1, 2, 3}","Automatic","Fallback","Top3Acceptability",0.9951372549019607
"Mallows",7,51,0.15,"2/3",1.5849625007211563,2000,"{1, 2, 3}","Automatic","Borda","NeverFirstRate",0.
"Mallows",7,51,0.15,"2/3",1.5849625007211563,2000,"{1, 2, 3}","Automatic","Borda","NoiseFlipRate",0.
"Mallows",7,51,0.15,"2/3",1.5849625007211563,2000,"{1, 2, 3}","Automatic","Borda","CondorcetExistRate",1.
"Mallows",7,51,0.15,"2/3",1.5849625007211563,2000,"{1, 2, 3}","Automatic","Borda","CondorcetEfficiency",1.
"Mallows",7,51,0.15,"2/3",1.5849625007211563,2000,"{1, 2, 3}","Automatic","Borda","MidScore",0.
"Mallows",7,51,0.15,"2/3",1.5849625007211563,2000,"{1, 2, 3}","Automatic","Borda","Top1Acceptability",0.8500686274509797
"Mallows",7,51,0.15,"2/3",1.5849625007211563,2000,"{1, 2, 3}","Automatic","Borda","Top2Acceptability",0.9773627450980387
"Mallows",7,51,0.15,"2/3",1.5849625007211563,2000,"{1, 2, 3}","Automatic","Borda","Top3Acceptability",0.9967254901960785
"Mallows",7,51,0.15,"2/3",1.5849625007211563,2000,"{1, 2, 3}","Automatic","Plurality","NeverFirstRate",0.
"Mallows",7,51,0.15,"2/3",1.5849625007211563,2000,"{1, 2, 3}","Automatic","Plurality","NoiseFlipRate",0.
"Mallows",7,51,0.15,"2/3",1.5849625007211563,2000,"{1, 2, 3}","Automatic","Plurality","CondorcetExistRate",1.
"Mallows",7,51,0.15,"2/3",1.5849625007211563,2000,"{1, 2, 3}","Automatic","Plurality","CondorcetEfficiency",1.
"Mallows",7,51,0.15,"2/3",1.5849625007211563,2000,"{1, 2, 3}","Automatic","Plurality","MidScore",0.
"Mallows",7,51,0.15,"2/3",1.5849625007211563,2000,"{1, 2, 3}","Automatic","Plurality","Top1Acceptability",0.8500686274509797
"Mallows",7,51,0.15,"2/3",1.5849625007211563,2000,"{1, 2, 3}","Automatic","Plurality","Top2Acceptability",0.9773627450980387
"Mallows",7,51,0.15,"2/3",1.5849625007211563,2000,"{1, 2, 3}","Automatic","Plurality","Top3Acceptability",0.9967254901960785
"Mallows",7,51,0.15,"2/3",1.5849625007211563,2000,"{1, 2, 3}","Automatic","Coombs","NeverFirstRate",0.
"Mallows",7,51,0.15,"2/3",1.5849625007211563,2000,"{1, 2, 3}","Automatic","Coombs","NoiseFlipRate",0.
"Mallows",7,51,0.15,"2/3",1.5849625007211563,2000,"{1, 2, 3}","Automatic","Coombs","CondorcetExistRate",1.
"Mallows",7,51,0.15,"2/3",1.5849625007211563,2000,"{1, 2, 3}","Automatic","Coombs","CondorcetEfficiency",1.
"Mallows",7,51,0.15,"2/3",1.5849625007211563,2000,"{1, 2, 3}","Automatic","Coombs","MidScore",0.
"Mallows",7,51,0.15,"2/3",1.5849625007211563,2000,"{1, 2, 3}","Automatic","Coombs","Top1Acceptability",0.8500686274509797
"Mallows",7,51,0.15,"2/3",1.5849625007211563,2000,"{1, 2, 3}","Automatic","Coombs","Top2Acceptability",0.9773627450980387
"Mallows",7,51,0.15,"2/3",1.5849625007211563,2000,"{1, 2, 3}","Automatic","Coombs","Top3Acceptability",0.9967254901960785
"Mallows",7,51,0.15,"2/3",1.5849625007211563,2000,"{1, 2, 3}","Automatic","QR","NeverFirstRate",0.
"Mallows",7,51,0.15,"2/3",1.5849625007211563,2000,"{1, 2, 3}","Automatic","QR","NoiseFlipRate",0.001
"Mallows",7,51,0.15,"2/3",1.5849625007211563,2000,"{1, 2, 3}","Automatic","QR","CondorcetExistRate",1.
"Mallows",7,51,0.15,"2/3",1.5849625007211563,2000,"{1, 2, 3}","Automatic","QR","CondorcetEfficiency",1.
"Mallows",7,51,0.15,"2/3",1.5849625007211563,2000,"{1, 2, 3}","Automatic","QR","MidScore",0.
"Mallows",7,51,0.15,"2/3",1.5849625007211563,2000,"{1, 2, 3}","Automatic","QR","Top1Acceptability",0.8500686274509797
"Mallows",7,51,0.15,"2/3",1.5849625007211563,2000,"{1, 2, 3}","Automatic","QR","Top2Acceptability",0.9773627450980387
"Mallows",7,51,0.15,"2/3",1.5849625007211563,2000,"{1, 2, 3}","Automatic","QR","Top3Acceptability",0.9967254901960785
"Mallows",7,51,0.15,"2/3",1.5849625007211563,2000,"{1, 2, 3}","Automatic","SDM","NeverFirstRate",0.
"Mallows",7,51,0.15,"2/3",1.5849625007211563,2000,"{1, 2, 3}","Automatic","SDM","NoiseFlipRate",0.
"Mallows",7,51,0.15,"2/3",1.5849625007211563,2000,"{1, 2, 3}","Automatic","SDM","CondorcetExistRate",1.
"Mallows",7,51,0.15,"2/3",1.5849625007211563,2000,"{1, 2, 3}","Automatic","SDM","CondorcetEfficiency",1.
"Mallows",7,51,0.15,"2/3",1.5849625007211563,2000,"{1, 2, 3}","Automatic","SDM","MidScore",0.
"Mallows",7,51,0.15,"2/3",1.5849625007211563,2000,"{1, 2, 3}","Automatic","SDM","Top1Acceptability",0.8500686274509797
"Mallows",7,51,0.15,"2/3",1.5849625007211563,2000,"{1, 2, 3}","Automatic","SDM","Top2Acceptability",0.9773627450980387
"Mallows",7,51,0.15,"2/3",1.5849625007211563,2000,"{1, 2, 3}","Automatic","SDM","Top3Acceptability",0.9967254901960785
"Mallows",7,51,0.15,"2/3",1.5849625007211563,2000,"{1, 2, 3}","Automatic","Fallback","NeverFirstRate",0.0065
"Mallows",7,51,0.15,"2/3",1.5849625007211563,2000,"{1, 2, 3}","Automatic","Fallback","NoiseFlipRate",0.184
"Mallows",7,51,0.15,"2/3",1.5849625007211563,2000,"{1, 2, 3}","Automatic","Fallback","CondorcetExistRate",1.
"Mallows",7,51,0.15,"2/3",1.5849625007211563,2000,"{1, 2, 3}","Automatic","Fallback","CondorcetEfficiency",0.804
"Mallows",7,51,0.15,"2/3",1.5849625007211563,2000,"{1, 2, 3}","Automatic","Fallback","MidScore",0.07116666666666666
"Mallows",7,51,0.15,"2/3",1.5849625007211563,2000,"{1, 2, 3}","Automatic","Fallback","Top1Acceptability",0.7101078431372546
"Mallows",7,51,0.15,"2/3",1.5849625007211563,2000,"{1, 2, 3}","Automatic","Fallback","Top2Acceptability",0.9470784313725487
"Mallows",7,51,0.15,"2/3",1.5849625007211563,2000,"{1, 2, 3}","Automatic","Fallback","Top3Acceptability",0.9950294117647058
"Mallows",10,51,0.15,"2/3",1.5849625007211563,2000,"{1, 2, 3}","Automatic","Borda","NeverFirstRate",0.
"Mallows",10,51,0.15,"2/3",1.5849625007211563,2000,"{1, 2, 3}","Automatic","Borda","NoiseFlipRate",0.
"Mallows",10,51,0.15,"2/3",1.5849625007211563,2000,"{1, 2, 3}","Automatic","Borda","CondorcetExistRate",1.
"Mallows",10,51,0.15,"2/3",1.5849625007211563,2000,"{1, 2, 3}","Automatic","Borda","CondorcetEfficiency",1.
"Mallows",10,51,0.15,"2/3",1.5849625007211563,2000,"{1, 2, 3}","Automatic","Borda","MidScore",0.
"Mallows",10,51,0.15,"2/3",1.5849625007211563,2000,"{1, 2, 3}","Automatic","Borda","Top1Acceptability",0.8481568627450972
"Mallows",10,51,0.15,"2/3",1.5849625007211563,2000,"{1, 2, 3}","Automatic","Borda","Top2Acceptability",0.9779705882352937
"Mallows",10,51,0.15,"2/3",1.5849625007211563,2000,"{1, 2, 3}","Automatic","Borda","Top3Acceptability",0.9967058823529413
"Mallows",10,51,0.15,"2/3",1.5849625007211563,2000,"{1, 2, 3}","Automatic","Plurality","NeverFirstRate",0.
"Mallows",10,51,0.15,"2/3",1.5849625007211563,2000,"{1, 2, 3}","Automatic","Plurality","NoiseFlipRate",0.
"Mallows",10,51,0.15,"2/3",1.5849625007211563,2000,"{1, 2, 3}","Automatic","Plurality","CondorcetExistRate",1.
"Mallows",10,51,0.15,"2/3",1.5849625007211563,2000,"{1, 2, 3}","Automatic","Plurality","CondorcetEfficiency",1.
"Mallows",10,51,0.15,"2/3",1.5849625007211563,2000,"{1, 2, 3}","Automatic","Plurality","MidScore",0.
"Mallows",10,51,0.15,"2/3",1.5849625007211563,2000,"{1, 2, 3}","Automatic","Plurality","Top1Acceptability",0.8481568627450972
"Mallows",10,51,0.15,"2/3",1.5849625007211563,2000,"{1, 2, 3}","Automatic","Plurality","Top2Acceptability",0.9779705882352937
"Mallows",10,51,0.15,"2/3",1.5849625007211563,2000,"{1, 2, 3}","Automatic","Plurality","Top3Acceptability",0.9967058823529413
"Mallows",10,51,0.15,"2/3",1.5849625007211563,2000,"{1, 2, 3}","Automatic","Coombs","NeverFirstRate",0.
"Mallows",10,51,0.15,"2/3",1.5849625007211563,2000,"{1, 2, 3}","Automatic","Coombs","NoiseFlipRate",0.
"Mallows",10,51,0.15,"2/3",1.5849625007211563,2000,"{1, 2, 3}","Automatic","Coombs","CondorcetExistRate",1.
"Mallows",10,51,0.15,"2/3",1.5849625007211563,2000,"{1, 2, 3}","Automatic","Coombs","CondorcetEfficiency",1.
"Mallows",10,51,0.15,"2/3",1.5849625007211563,2000,"{1, 2, 3}","Automatic","Coombs","MidScore",0.
"Mallows",10,51,0.15,"2/3",1.5849625007211563,2000,"{1, 2, 3}","Automatic","Coombs","Top1Acceptability",0.8481568627450972
"Mallows",10,51,0.15,"2/3",1.5849625007211563,2000,"{1, 2, 3}","Automatic","Coombs","Top2Acceptability",0.9779705882352937
"Mallows",10,51,0.15,"2/3",1.5849625007211563,2000,"{1, 2, 3}","Automatic","Coombs","Top3Acceptability",0.9967058823529413
"Mallows",10,51,0.15,"2/3",1.5849625007211563,2000,"{1, 2, 3}","Automatic","QR","NeverFirstRate",0.
"Mallows",10,51,0.15,"2/3",1.5849625007211563,2000,"{1, 2, 3}","Automatic","QR","NoiseFlipRate",0.
"Mallows",10,51,0.15,"2/3",1.5849625007211563,2000,"{1, 2, 3}","Automatic","QR","CondorcetExistRate",1.
"Mallows",10,51,0.15,"2/3",1.5849625007211563,2000,"{1, 2, 3}","Automatic","QR","CondorcetEfficiency",1.
"Mallows",10,51,0.15,"2/3",1.5849625007211563,2000,"{1, 2, 3}","Automatic","QR","MidScore",0.
"Mallows",10,51,0.15,"2/3",1.5849625007211563,2000,"{1, 2, 3}","Automatic","QR","Top1Acceptability",0.8481568627450972
"Mallows",10,51,0.15,"2/3",1.5849625007211563,2000,"{1, 2, 3}","Automatic","QR","Top2Acceptability",0.9779705882352937
"Mallows",10,51,0.15,"2/3",1.5849625007211563,2000,"{1, 2, 3}","Automatic","QR","Top3Acceptability",0.9967058823529413
"Mallows",10,51,0.15,"2/3",1.5849625007211563,2000,"{1, 2, 3}","Automatic","SDM","NeverFirstRate",0.
"Mallows",10,51,0.15,"2/3",1.5849625007211563,2000,"{1, 2, 3}","Automatic","SDM","NoiseFlipRate",0.
"Mallows",10,51,0.15,"2/3",1.5849625007211563,2000,"{1, 2, 3}","Automatic","SDM","CondorcetExistRate",1.
"Mallows",10,51,0.15,"2/3",1.5849625007211563,2000,"{1, 2, 3}","Automatic","SDM","CondorcetEfficiency",1.
"Mallows",10,51,0.15,"2/3",1.5849625007211563,2000,"{1, 2, 3}","Automatic","SDM","MidScore",0.
"Mallows",10,51,0.15,"2/3",1.5849625007211563,2000,"{1, 2, 3}","Automatic","SDM","Top1Acceptability",0.8481568627450972
"Mallows",10,51,0.15,"2/3",1.5849625007211563,2000,"{1, 2, 3}","Automatic","SDM","Top2Acceptability",0.9779705882352937
"Mallows",10,51,0.15,"2/3",1.5849625007211563,2000,"{1, 2, 3}","Automatic","SDM","Top3Acceptability",0.9967058823529413
"Mallows",10,51,0.15,"2/3",1.5849625007211563,2000,"{1, 2, 3}","Automatic","Fallback","NeverFirstRate",0.004
"Mallows",10,51,0.15,"2/3",1.5849625007211563,2000,"{1, 2, 3}","Automatic","Fallback","NoiseFlipRate",0.196
"Mallows",10,51,0.15,"2/3",1.5849625007211563,2000,"{1, 2, 3}","Automatic","Fallback","CondorcetExistRate",1.
"Mallows",10,51,0.15,"2/3",1.5849625007211563,2000,"{1, 2, 3}","Automatic","Fallback","CondorcetEfficiency",0.8035
"Mallows",10,51,0.15,"2/3",1.5849625007211563,2000,"{1, 2, 3}","Automatic","Fallback","MidScore",0.0467777777777778
"Mallows",10,51,0.15,"2/3",1.5849625007211563,2000,"{1, 2, 3}","Automatic","Fallback","Top1Acceptability",0.7091274509803916
"Mallows",10,51,0.15,"2/3",1.5849625007211563,2000,"{1, 2, 3}","Automatic","Fallback","Top2Acceptability",0.9496470588235291
"Mallows",10,51,0.15,"2/3",1.5849625007211563,2000,"{1, 2, 3}","Automatic","Fallback","Top3Acceptability",0.9960098039215686
