"Model","m","n","phi","q","p","S","TopKList","MaxRank","Rule","Metric","Value","lambda"
"IC",3,51,1.,"2/3",1.5849625007211563,2000,"{1, 2}","Automatic","Borda","Gap",0.4532943660213027,""
"IC",3,51,1.,"2/3",1.5849625007211563,2000,"{1, 2}","Automatic","Plurality","Gap",0.4230335834793883,""
"IC",3,51,1.,"2/3",1.5849625007211563,2000,"{1, 2}","Automatic","Coombs","Gap",0.4617794828822191,""
"IC",3,51,1.,"2/3",1.5849625007211563,2000,"{1, 2}","Automatic","QR","Gap",0.49845654243717896,""
"IC",3,51,1.,"2/3",1.5849625007211563,2000,"{1, 2}","Automatic","SDM","Gap",0.4681784753276296,""
"IC",3,51,1.,"2/3",1.5849625007211563,2000,"{1, 2}","Automatic","Fallback","Gap",0.4969654453871428,""
"IC",5,51,1.,"2/3",1.5849625007211563,2000,"{1, 2}","Automatic","Borda","Gap",0.4672323539806069,""
"IC",5,51,1.,"2/3",1.5849625007211563,2000,"{1, 2}","Automatic","Plurality","Gap",0.3959857025575125,""
"IC",5,51,1.,"2/3",1.5849625007211563,2000,"{1, 2}","Automatic","Coombs","Gap",0.4760014695304476,""
"IC",5,51,1.,"2/3",1.5849625007211563,2000,"{1, 2}","Automatic","QR","Gap",0.49807458027280255,""
"IC",5,51,1.,"2/3",1.5849625007211563,2000,"{1, 2}","Automatic","SDM","Gap",0.48482576625523544,""
"IC",5,51,1.,"2/3",1.5849625007211563,2000,"{1, 2}","Automatic","Fallback","Gap",0.5016731216337291,""
"IC",7,51,1.,"2/3",1.5849625007211563,2000,"{1, 2}","Automatic","Borda","Gap",0.47818180811700756,""
"IC",7,51,1.,"2/3",1.5849625007211563,2000,"{1, 2}","Automatic","Plurality","Gap",0.36977379697081597,""
"IC",7,51,1.,"2/3",1.5849625007211563,2000,"{1, 2}","Automatic","Coombs","Gap",0.48822453148782835,""
"IC",7,51,1.,"2/3",1.5849625007211563,2000,"{1, 2}","Automatic","QR","Gap",0.5010625438014709,""
"IC",7,51,1.,"2/3",1.5849625007211563,2000,"{1, 2}","Automatic","SDM","Gap",0.49332010052480235,""
"IC",7,51,1.,"2/3",1.5849625007211563,2000,"{1, 2}","Automatic","Fallback","Gap",0.49967583101109414,""
"IC",10,51,1.,"2/3",1.5849625007211563,2000,"{1, 2}","Automatic","Borda","Gap",0.4781388349073527,""
"IC",10,51,1.,"2/3",1.5849625007211563,2000,"{1, 2}","Automatic","Plurality","Gap",0.33430472606383976,""
"IC",10,51,1.,"2/3",1.5849625007211563,2000,"{1, 2}","Automatic","Coombs","Gap",0.4909240939143416,""
"IC",10,51,1.,"2/3",1.5849625007211563,2000,"{1, 2}","Automatic","QR","Gap",0.49990695082780995,""
"IC",10,51,1.,"2/3",1.5849625007211563,2000,"{1, 2}","Automatic","SDM","Gap",0.493123446505335,""
"IC",10,51,1.,"2/3",1.5849625007211563,2000,"{1, 2}","Automatic","Fallback","Gap",0.5010577460787407,""
"Polarized",3,51,0.15,"2/3",1.5849625007211563,2000,"{1, 2}","Automatic","Borda","Gap",0.4538576991996949,0.
"Polarized",3,51,0.15,"2/3",1.5849625007211563,2000,"{1, 2}","Automatic","Plurality","Gap",0.4225342400201963,0.
"Polarized",3,51,0.15,"2/3",1.5849625007211563,2000,"{1, 2}","Automatic","Coombs","Gap",0.46161488071777496,0.
"Polarized",3,51,0.15,"2/3",1.5849625007211563,2000,"{1, 2}","Automatic","QR","Gap",0.5015020053307706,0.
"Polarized",3,51,0.15,"2/3",1.5849625007211563,2000,"{1, 2}","Automatic","SDM","Gap",0.4713809950888745,0.
"Polarized",3,51,0.15,"2/3",1.5849625007211563,2000,"{1, 2}","Automatic","Fallback","Gap",0.5011257343584649,0.
"Polarized",3,51,0.15,"2/3",1.5849625007211563,2000,"{1, 2}","Automatic","Borda","Gap",0.45643655194505717,0.1
"Polarized",3,51,0.15,"2/3",1.5849625007211563,2000,"{1, 2}","Automatic","Plurality","Gap",0.4199858579055506,0.1
"Polarized",3,51,0.15,"2/3",1.5849625007211563,2000,"{1, 2}","Automatic","Coombs","Gap",0.46354619856767226,0.1
"Polarized",3,51,0.15,"2/3",1.5849625007211563,2000,"{1, 2}","Automatic","QR","Gap",0.5102545685626773,0.1
"Polarized",3,51,0.15,"2/3",1.5849625007211563,2000,"{1, 2}","Automatic","SDM","Gap",0.4760539372346081,0.1
"Polarized",3,51,0.15,"2/3",1.5849625007211563,2000,"{1, 2}","Automatic","Fallback","Gap",0.5038058771657803,0.1
"Polarized",3,51,0.15,"2/3",1.5849625007211563,2000,"{1, 2}","Automatic","Borda","Gap",0.4482580945349655,0.2
"Polarized",3,51,0.15,"2/3",1.5849625007211563,2000,"{1, 2}","Automatic","Plurality","Gap",0.4034820124668034,0.2
"Polarized",3,51,0.15,"2/3",1.5849625007211563,2000,"{1, 2}","Automatic","Coombs","Gap",0.46113657939982455,0.2
"Polarized",3,51,0.15,"2/3",1.5849625007211563,2000,"{1, 2}","Automatic","QR","Gap",0.5305622809237687,0.2
"Polarized",3,51,0.15,"2/3",1.5849625007211563,2000,"{1, 2}","Automatic","SDM","Gap",0.4812730292604538,0.2
"Polarized",3,51,0.15,"2/3",1.5849625007211563,2000,"{1, 2}","Automatic","Fallback","Gap",0.4942801402468176,0.2
"Polarized",3,51,0.15,"2/3",1.5849625007211563,2000,"{1, 2}","Automatic","Borda","Gap",0.44529322253165077,0.30000000000000004
"Polarized",3,51,0.15,"2/3",1.5849625007211563,2000,"{1, 2}","Automatic","Plurality","Gap",0.3866149002578891,0.30000000000000004
"Polarized",3,51,0.15,"2/3",1.5849625007211563,2000,"{1, 2}","Automatic","Coombs","Gap",0.4594845883690165,0.30000000000000004
"Polarized",3,51,0.15,"2/3",1.5849625007211563,2000,"{1, 2}","Automatic","QR","Gap",0.5624262303751766,0.30000000000000004
"Polarized",3,51,0.15,"2/3",1.5849625007211563,2000,"{1, 2}","Automatic","SDM","Gap",0.4925886303471977,0.30000000000000004
"Polarized",3,51,0.15,"2/3",1.5849625007211563,2000,"{1, 2}","Automatic","Fallback","Gap",0.4896898271459037,0.30000000000000004
"Polarized",3,51,0.15,"2/3",1.5849625007211563,2000,"{1, 2}","Automatic","Borda","Gap",0.4363341599336729,0.4
"Polarized",3,51,0.15,"2/3",1.5849625007211563,2000,"{1, 2}","Automatic","Plurality","Gap",0.35879660179292433,0.4
"Polarized",3,51,0.15,"2/3",1.5849625007211563,2000,"{1, 2}","Automatic","Coombs","Gap",0.44442512964013586,0.4
"Polarized",3,51,0.15,"2/3",1.5849625007211563,2000,"{1, 2}","Automatic","QR","Gap",0.6091587335580527,0.4
"Polarized",3,51,0.15,"2/3",1.5849625007211563,2000,"{1, 2}","Automatic","SDM","Gap",0.5039050100209284,0.4
"Polarized",3,51,0.15,"2/3",1.5849625007211563,2000,"{1, 2}","Automatic","Fallback","Gap",0.48412882866798873,0.4
"Polarized",3,51,0.15,"2/3",1.5849625007211563,2000,"{1, 2}","Automatic","Borda","Gap",0.4251031523922397,0.5
"Polarized",3,51,0.15,"2/3",1.5849625007211563,2000,"{1, 2}","Automatic","Plurality","Gap",0.3304078611830598,0.5
"Polarized",3,51,0.15,"2/3",1.5849625007211563,2000,"{1, 2}","Automatic","Coombs","Gap",0.43505786404768537,0.5
"Polarized",3,51,0.15,"2/3",1.5849625007211563,2000,"{1, 2}","Automatic","QR","Gap",0.658234565701668,0.5
"Polarized",3,51,0.15,"2/3",1.5849625007211563,2000,"{1, 2}","Automatic","SDM","Gap",0.5224939960105814,0.5
"Polarized",3,51,0.15,"2/3",1.5849625007211563,2000,"{1, 2}","Automatic","Fallback","Gap",0.4868641813786491,0.5
"Polarized",3,51,0.15,"2/3",1.5849625007211563,2000,"{1, 2}","Automatic","Borda","Gap",0.4146880635550043,0.6000000000000001
"Polarized",3,51,0.15,"2/3",1.5849625007211563,2000,"{1, 2}","Automatic","Plurality","Gap",0.30689326540172074,0.6000000000000001
"Polarized",3,51,0.15,"2/3",1.5849625007211563,2000,"{1, 2}","Automatic","Coombs","Gap",0.4213795722091246,0.6000000000000001
"Polarized",3,51,0.15,"2/3",1.5849625007211563,2000,"{1, 2}","Automatic","QR","Gap",0.7003666515453155,0.6000000000000001
"Polarized",3,51,0.15,"2/3",1.5849625007211563,2000,"{1, 2}","Automatic","SDM","Gap",0.5518294194633047,0.6000000000000001
"Polarized",3,51,0.15,"2/3",1.5849625007211563,2000,"{1, 2}","Automatic","Fallback","Gap",0.4808821554913335,0.6000000000000001
"Polarized",3,51,0.15,"2/3",1.5849625007211563,2000,"{1, 2}","Automatic","Borda","Gap",0.39380886844893337,0.7000000000000001
"Polarized",3,51,0.15,"2/3",1.5849625007211563,2000,"{1, 2}","Automatic","Plurality","Gap",0.27976592098227926,0.7000000000000001
"Polarized",3,51,0.15,"2/3",1.5849625007211563,2000,"{1, 2}","Automatic","Coombs","Gap",0.4010499374086143,0.7000000000000001
"Polarized",3,51,0.15,"2/3",1.5849625007211563,2000,"{1, 2}","Automatic","QR","Gap",0.7507201197833752,0.7000000000000001
"Polarized",3,51,0.15,"2/3",1.5849625007211563,2000,"{1, 2}","Automatic","SDM","Gap",0.5915218027110121,0.7000000000000001
"Polarized",3,51,0.15,"2/3",1.5849625007211563,2000,"{1, 2}","Automatic","Fallback","Gap",0.4568218622186796,0.7000000000000001
"Polarized",3,51,0.15,"2/3",1.5849625007211563,2000,"{1, 2}","Automatic","Borda","Gap",0.3760930192927009,0.8
"Polarized",3,51,0.15,"2/3",1.5849625007211563,2000,"{1, 2}","Automatic","Plurality","Gap",0.24985304686071586,0.8
"Polarized",3,51,0.15,"2/3",1.5849625007211563,2000,"{1, 2}","Automatic","Coombs","Gap",0.3749206535169096,0.8
"Polarized",3,51,0.15,"2/3",1.5849625007211563,2000,"{1, 2}","Automatic","QR","Gap",0.7881403754059153,0.8
"Polarized",3,51,0.15,"2/3",1.5849625007211563,2000,"{1, 2}","Automatic","SDM","Gap",0.6247944852177888,0.8
"Polarized",3,51,0.15,"2/3",1.5849625007211563,2000,"{1, 2}","Automatic","Fallback","Gap",0.4560125330785402,0.8
"Polarized",3,51,0.15,"2/3",1.5849625007211563,2000,"{1, 2}","Automatic","Borda","Gap",0.3641369620509102,0.9
"Polarized",3,51,0.15,"2/3",1.5849625007211563,2000,"{1, 2}","Automatic","Plurality","Gap",0.2266128251375673,0.9
"Polarized",3,51,0.15,"2/3",1.5849625007211563,2000,"{1, 2}","Automatic","Coombs","Gap",0.36593079439203463,0.9
"Polarized",3,51,0.15,"2/3",1.5849625007211563,2000,"{1, 2}","Automatic","QR","Gap",0.8208470936747948,0.9
"Polarized",3,51,0.15,"2/3",1.5849625007211563,2000,"{1, 2}","Automatic","SDM","Gap",0.6643996598230054,0.9
"Polarized",3,51,0.15,"2/3",1.5849625007211563,2000,"{1, 2}","Automatic","Fallback","Gap",0.45282026291572736,0.9
"Polarized",3,51,0.15,"2/3",1.5849625007211563,2000,"{1, 2}","Automatic","Borda","Gap",0.33274247221139036,1.
"Polarized",3,51,0.15,"2/3",1.5849625007211563,2000,"{1, 2}","Automatic","Plurality","Gap",0.19805456302151572,1.
"Polarized",3,51,0.15,"2/3",1.5849625007211563,2000,"{1, 2}","Automatic","Coombs","Gap",0.32925562697000055,1.
"Polarized",3,51,0.15,"2/3",1.5849625007211563,2000,"{1, 2}","Automatic","QR","Gap",0.8513281971847636,1.
"Polarized",3,51,0.15,"2/3",1.5849625007211563,2000,"{1, 2}","Automatic","SDM","Gap",0.7256379983238394,1.
"Polarized",3,51,0.15,"2/3",1.5849625007211563,2000,"{1, 2}","Automatic","Fallback","Gap",0.4394469454265711,1.
"Polarized",5,51,0.15,"2/3",1.5849625007211563,2000,"{1, 2}","Automatic","Borda","Gap",0.4667916321840773,0.
"Polarized",5,51,0.15,"2/3",1.5849625007211563,2000,"{1, 2}","Automatic","Plurality","Gap",0.3914422178325707,0.
"Polarized",5,51,0.15,"2/3",1.5849625007211563,2000,"{1, 2}","Automatic","Coombs","Gap",0.47675663876597674,0.
"Polarized",5,51,0.15,"2/3",1.5849625007211563,2000,"{1, 2}","Automatic","QR","Gap",0.49813344045193275,0.
"Polarized",5,51,0.15,"2/3",1.5849625007211563,2000,"{1, 2}","Automatic","SDM","Gap",0.4844461010077591,0.
"Polarized",5,51,0.15,"2/3",1.5849625007211563,2000,"{1, 2}","Automatic","Fallback","Gap",0.5018235830175632,0.
"Polarized",5,51,0.15,"2/3",1.5849625007211563,2000,"{1, 2}","Automatic","Borda","Gap",0.4711938042452494,0.1
"Polarized",5,51,0.15,"2/3",1.5849625007211563,2000,"{1, 2}","Automatic","Plurality","Gap",0.38267425310155817,0.1
"Polarized",5,51,0.15,"2/3",1.5849625007211563,2000,"{1, 2}","Automatic","Coombs","Gap",0.4825996580690112,0.1
"Polarized",5,51,0.15,"2/3",1.5849625007211563,2000,"{1, 2}","Automatic","QR","Gap",0.5119937389602442,0.1
"Polarized",5,51,0.15,"2/3",1.5849625007211563,2000,"{1, 2}","Automatic","SDM","Gap",0.49731398043004627,0.1
"Polarized",5,51,0.15,"2/3",1.5849625007211563,2000,"{1, 2}","Automatic","Fallback","Gap",0.5016736893979793,0.1
"Polarized",5,51,0.15,"2/3",1.5849625007211563,2000,"{1, 2}","Automatic","Borda","Gap",0.5083743403413236,0.2
"Polarized",5,51,0.15,"2/3",1.5849625007211563,2000,"{1, 2}","Automatic","Plurality","Gap",0.35982317176323864,0.2
"Polarized",5,51,0.15,"2/3",1.5849625007211563,2000,"{1, 2}","Automatic","Coombs","Gap",0.512595532225458,0.2
"Polarized",5,51,0.15,"2/3",1.5849625007211563,2000,"{1, 2}","Automatic","QR","Gap",0.5551692235911828,0.2
"Polarized",5,51,0.15,"2/3",1.5849625007211563,2000,"{1, 2}","Automatic","SDM","Gap",0.5414898203399486,0.2
"Polarized",5,51,0.15,"2/3",1.5849625007211563,2000,"{1, 2}","Automatic","Fallback","Gap",0.49701542909837376,0.2
"Polarized",5,51,0.15,"2/3",1.5849625007211563,2000,"{1, 2}","Automatic","Borda","Gap",0.5573432346924553,0.30000000000000004
"Polarized",5,51,0.15,"2/3",1.5849625007211563,2000,"{1, 2}","Automatic","Plurality","Gap",0.33316908844929316,0.30000000000000004
"Polarized",5,51,0.15,"2/3",1.5849625007211563,2000,"{1, 2}","Automatic","Coombs","Gap",0.5212094986294541,0.30000000000000004
"Polarized",5,51,0.15,"2/3",1.5849625007211563,2000,"{1, 2}","Automatic","QR","Gap",0.602674141497269,0.30000000000000004
"Polarized",5,51,0.15,"2/3",1.5849625007211563,2000,"{1, 2}","Automatic","SDM","Gap",0.6037628716908212,0.30000000000000004
"Polarized",5,51,0.15,"2/3",1.5849625007211563,2000,"{1, 2}","Automatic","Fallback","Gap",0.49735079276090033,0.30000000000000004
"Polarized",5,51,0.15,"2/3",1.5849625007211563,2000,"{1, 2}","Automatic","Borda","Gap",0.6187552019666994,0.4
"Polarized",5,51,0.15,"2/3",1.5849625007211563,2000,"{1, 2}","Automatic","Plurality","Gap",0.2988085408345353,0.4
"Polarized",5,51,0.15,"2/3",1.5849625007211563,2000,"{1, 2}","Automatic","Coombs","Gap",0.5404723111437477,0.4
"Polarized",5,51,0.15,"2/3",1.5849625007211563,2000,"{1, 2}","Automatic","QR","Gap",0.6555027288272582,0.4
"Polarized",5,51,0.15,"2/3",1.5849625007211563,2000,"{1, 2}","Automatic","SDM","Gap",0.6624710146698128,0.4
"Polarized",5,51,0.15,"2/3",1.5849625007211563,2000,"{1, 2}","Automatic","Fallback","Gap",0.4937057088658604,0.4
"Polarized",5,51,0.15,"2/3",1.5849625007211563,2000,"{1, 2}","Automatic","Borda","Gap",0.676841263525519,0.5
"Polarized",5,51,0.15,"2/3",1.5849625007211563,2000,"{1, 2}","Automatic","Plurality","Gap",0.2634980868961685,0.5
"Polarized",5,51,0.15,"2/3",1.5849625007211563,2000,"{1, 2}","Automatic","Coombs","Gap",0.5352107106490359,0.5
"Polarized",5,51,0.15,"2/3",1.5849625007211563,2000,"{1, 2}","Automatic","QR","Gap",0.7049794747443021,0.5
"Polarized",5,51,0.15,"2/3",1.5849625007211563,2000,"{1, 2}","Automatic","SDM","Gap",0.7183802210959515,0.5
"Polarized",5,51,0.15,"2/3",1.5849625007211563,2000,"{1, 2}","Automatic","Fallback","Gap",0.4945775122544137,0.5
"Polarized",5,51,0.15,"2/3",1.5849625007211563,2000,"{1, 2}","Automatic","Borda","Gap",0.7361335285968194,0.6000000000000001
"Polarized",5,51,0.15,"2/3",1.5849625007211563,2000,"{1, 2}","Automatic","Plurality","Gap",0.23442211528468113,0.6000000000000001
"Polarized",5,51,0.15,"2/3",1.5849625007211563,2000,"{1, 2}","Automatic","Coombs","Gap",0.5449089431303182,0.6000000000000001
"Polarized",5,51,0.15,"2/3",1.5849625007211563,2000,"{1, 2}","Automatic","QR","Gap",0.7474119219173065,0.6000000000000001
"Polarized",5,51,0.15,"2/3",1.5849625007211563,2000,"{1, 2}","Automatic","SDM","Gap",0.7577174362575737,0.6000000000000001
"Polarized",5,51,0.15,"2/3",1.5849625007211563,2000,"{1, 2}","Automatic","Fallback","Gap",0.4954804460549315,0.6000000000000001
"Polarized",5,51,0.15,"2/3",1.5849625007211563,2000,"{1, 2}","Automatic","Borda","Gap",0.776897016788978,0.7000000000000001
"Polarized",5,51,0.15,"2/3",1.5849625007211563,2000,"{1, 2}","Automatic","Plurality","Gap",0.19914131303240812,0.7000000000000001
"Polarized",5,51,0.15,"2/3",1.5849625007211563,2000,"{1, 2}","Automatic","Coombs","Gap",0.5432517075962767,0.7000000000000001
"Polarized",5,51,0.15,"2/3",1.5849625007211563,2000,"{1, 2}","Automatic","QR","Gap",0.7869975998375476,0.7000000000000001
"Polarized",5,51,0.15,"2/3",1.5849625007211563,2000,"{1, 2}","Automatic","SDM","Gap",0.7942345558227186,0.7000000000000001
"Polarized",5,51,0.15,"2/3",1.5849625007211563,2000,"{1, 2}","Automatic","Fallback","Gap",0.5036153890514053,0.7000000000000001
"Polarized",5,51,0.15,"2/3",1.5849625007211563,2000,"{1, 2}","Automatic","Borda","Gap",0.8088121119138109,0.8
"Polarized",5,51,0.15,"2/3",1.5849625007211563,2000,"{1, 2}","Automatic","Plurality","Gap",0.17460513207370962,0.8
"Polarized",5,51,0.15,"2/3",1.5849625007211563,2000,"{1, 2}","Automatic","Coombs","Gap",0.5523964826830242,0.8
"Polarized",5,51,0.15,"2/3",1.5849625007211563,2000,"{1, 2}","Automatic","QR","Gap",0.8127756703579853,0.8
"Polarized",5,51,0.15,"2/3",1.5849625007211563,2000,"{1, 2}","Automatic","SDM","Gap",0.8141561603115163,0.8
"Polarized",5,51,0.15,"2/3",1.5849625007211563,2000,"{1, 2}","Automatic","Fallback","Gap",0.5361895588656139,0.8
"Polarized",5,51,0.15,"2/3",1.5849625007211563,2000,"{1, 2}","Automatic","Borda","Gap",0.8295995758404083,0.9
"Polarized",5,51,0.15,"2/3",1.5849625007211563,2000,"{1, 2}","Automatic","Plurality","Gap",0.1440880309429309,0.9
"Polarized",5,51,0.15,"2/3",1.5849625007211563,2000,"{1, 2}","Automatic","Coombs","Gap",0.5649407325654133,0.9
"Polarized",5,51,0.15,"2/3",1.5849625007211563,2000,"{1, 2}","Automatic","QR","Gap",0.8315245173882986,0.9
"Polarized",5,51,0.15,"2/3",1.5849625007211563,2000,"{1, 2}","Automatic","SDM","Gap",0.8326602102155591,0.9
"Polarized",5,51,0.15,"2/3",1.5849625007211563,2000,"{1, 2}","Automatic","Fallback","Gap",0.633144858269876,0.9
"Polarized",5,51,0.15,"2/3",1.5849625007211563,2000,"{1, 2}","Automatic","Borda","Gap",0.8501275407819692,1.
"Polarized",5,51,0.15,"2/3",1.5849625007211563,2000,"{1, 2}","Automatic","Plurality","Gap",0.11867580207396684,1.
"Polarized",5,51,0.15,"2/3",1.5849625007211563,2000,"{1, 2}","Automatic","Coombs","Gap",0.568955891341855,1.
"Polarized",5,51,0.15,"2/3",1.5849625007211563,2000,"{1, 2}","Automatic","QR","Gap",0.8497395098939383,1.
"Polarized",5,51,0.15,"2/3",1.5849625007211563,2000,"{1, 2}","Automatic","SDM","Gap",0.8504976487441824,1.
"Polarized",5,51,0.15,"2/3",1.5849625007211563,2000,"{1, 2}","Automatic","Fallback","Gap",0.8221704790819817,1.
"Polarized",7,51,0.15,"2/3",1.5849625007211563,2000,"{1, 2}","Automatic","Borda","Gap",0.4732660035507111,0.
"Polarized",7,51,0.15,"2/3",1.5849625007211563,2000,"{1, 2}","Automatic","Plurality","Gap",0.3640865608349188,0.
"Polarized",7,51,0.15,"2/3",1.5849625007211563,2000,"{1, 2}","Automatic","Coombs","Gap",0.48676211765314,0.
"Polarized",7,51,0.15,"2/3",1.5849625007211563,2000,"{1, 2}","Automatic","QR","Gap",0.5007743984222244,0.
"Polarized",7,51,0.15,"2/3",1.5849625007211563,2000,"{1, 2}","Automatic","SDM","Gap",0.490113281965152,0.
"Polarized",7,51,0.15,"2/3",1.5849625007211563,2000,"{1, 2}","Automatic","Fallback","Gap",0.49853679551134544,0.
"Polarized",7,51,0.15,"2/3",1.5849625007211563,2000,"{1, 2}","Automatic","Borda","Gap",0.4921894320884267,0.1
"Polarized",7,51,0.15,"2/3",1.5849625007211563,2000,"{1, 2}","Automatic","Plurality","Gap",0.35753046361683605,0.1
"Polarized",7,51,0.15,"2/3",1.5849625007211563,2000,"{1, 2}","Automatic","Coombs","Gap",0.49961276441618363,0.1
"Polarized",7,51,0.15,"2/3",1.5849625007211563,2000,"{1, 2}","Automatic","QR","Gap",0.516750589021673,0.1
"Polarized",7,51,0.15,"2/3",1.5849625007211563,2000,"{1, 2}","Automatic","SDM","Gap",0.5102338340004159,0.1
"Polarized",7,51,0.15,"2/3",1.5849625007211563,2000,"{1, 2}","Automatic","Fallback","Gap",0.5001299204745463,0.1
"Polarized",7,51,0.15,"2/3",1.5849625007211563,2000,"{1, 2}","Automatic","Borda","Gap",0.5388067234493349,0.2
"Polarized",7,51,0.15,"2/3",1.5849625007211563,2000,"{1, 2}","Automatic","Plurality","Gap",0.33749003634241465,0.2
"Polarized",7,51,0.15,"2/3",1.5849625007211563,2000,"{1, 2}","Automatic","Coombs","Gap",0.5381080244308971,0.2
"Polarized",7,51,0.15,"2/3",1.5849625007211563,2000,"{1, 2}","Automatic","QR","Gap",0.5516648877156788,0.2
"Polarized",7,51,0.15,"2/3",1.5849625007211563,2000,"{1, 2}","Automatic","SDM","Gap",0.5579910213665293,0.2
"Polarized",7,51,0.15,"2/3",1.5849625007211563,2000,"{1, 2}","Automatic","Fallback","Gap",0.5029937386924956,0.2
"Polarized",7,51,0.15,"2/3",1.5849625007211563,2000,"{1, 2}","Automatic","Borda","Gap",0.6126036524562544,0.30000000000000004
"Polarized",7,51,0.15,"2/3",1.5849625007211563,2000,"{1, 2}","Automatic","Plurality","Gap",0.3064834168425386,0.30000000000000004
"Polarized",7,51,0.15,"2/3",1.5849625007211563,2000,"{1, 2}","Automatic","Coombs","Gap",0.5751151770158527,0.30000000000000004
"Polarized",7,51,0.15,"2/3",1.5849625007211563,2000,"{1, 2}","Automatic","QR","Gap",0.5975269731315973,0.30000000000000004
"Polarized",7,51,0.15,"2/3",1.5849625007211563,2000,"{1, 2}","Automatic","SDM","Gap",0.6251683307830909,0.30000000000000004
"Polarized",7,51,0.15,"2/3",1.5849625007211563,2000,"{1, 2}","Automatic","Fallback","Gap",0.49642880277726004,0.30000000000000004
"Polarized",7,51,0.15,"2/3",1.5849625007211563,2000,"{1, 2}","Automatic","Borda","Gap",0.6872221908084439,0.4
"Polarized",7,51,0.15,"2/3",1.5849625007211563,2000,"{1, 2}","Automatic","Plurality","Gap",0.26721530314351133,0.4
"Polarized",7,51,0.15,"2/3",1.5849625007211563,2000,"{1, 2}","Automatic","Coombs","Gap",0.5879850461677715,0.4
"Polarized",7,51,0.15,"2/3",1.5849625007211563,2000,"{1, 2}","Automatic","QR","Gap",0.6608145654231687,0.4
"Polarized",7,51,0.15,"2/3",1.5849625007211563,2000,"{1, 2}","Automatic","SDM","Gap",0.6898156549989533,0.4
"Polarized",7,51,0.15,"2/3",1.5849625007211563,2000,"{1, 2}","Automatic","Fallback","Gap",0.48990877369953695,0.4
"Polarized",7,51,0.15,"2/3",1.5849625007211563,2000,"{1, 2}","Automatic","Borda","Gap",0.7349962883292731,0.5
"Polarized",7,51,0.15,"2/3",1.5849625007211563,2000,"{1, 2}","Automatic","Plurality","Gap",0.2372859692310605,0.5
"Polarized",7,51,0.15,"2/3",1.5849625007211563,2000,"{1, 2}","Automatic","Coombs","Gap",0.5921805737019815,0.5
"Polarized",7,51,0.15,"2/3",1.5849625007211563,2000,"{1, 2}","Automatic","QR","Gap",0.7162952064300221,0.5
"Polarized",7,51,0.15,"2/3",1.5849625007211563,2000,"{1, 2}","Automatic","SDM","Gap",0.7353694679965909,0.5
"Polarized",7,51,0.15,"2/3",1.5849625007211563,2000,"{1, 2}","Automatic","Fallback","Gap",0.507122105246815,0.5
"Polarized",7,51,0.15,"2/3",1.5849625007211563,2000,"{1, 2}","Automatic","Borda","Gap",0.7774452564691476,0.6000000000000001
"Polarized",7,51,0.15,"2/3",1.5849625007211563,2000,"{1, 2}","Automatic","Plurality","Gap",0.2061255855244203,0.6000000000000001
"Polarized",7,51,0.15,"2/3",1.5849625007211563,2000,"{1, 2}","Automatic","Coombs","Gap",0.6128962581963876,0.6000000000000001
"Polarized",7,51,0.15,"2/3",1.5849625007211563,2000,"{1, 2}","Automatic","QR","Gap",0.7579099848456312,0.6000000000000001
"Polarized",7,51,0.15,"2/3",1.5849625007211563,2000,"{1, 2}","Automatic","SDM","Gap",0.7717790441783755,0.6000000000000001
"Polarized",7,51,0.15,"2/3",1.5849625007211563,2000,"{1, 2}","Automatic","Fallback","Gap",0.513341768524042,0.6000000000000001
"Polarized",7,51,0.15,"2/3",1.5849625007211563,2000,"{1, 2}","Automatic","Borda","Gap",0.8050421144816289,0.7000000000000001
"Polarized",7,51,0.15,"2/3",1.5849625007211563,2000,"{1, 2}","Automatic","Plurality","Gap",0.18241889810565926,0.7000000000000001
"Polarized",7,51,0.15,"2/3",1.5849625007211563,2000,"{1, 2}","Automatic","Coombs","Gap",0.6377194774545409,0.7000000000000001
"Polarized",7,51,0.15,"2/3",1.5849625007211563,2000,"{1, 2}","Automatic","QR","Gap",0.7964671841681454,0.7000000000000001
"Polarized",7,51,0.15,"2/3",1.5849625007211563,2000,"{1, 2}","Automatic","SDM","Gap",0.8008018947658206,0.7000000000000001
"Polarized",7,51,0.15,"2/3",1.5849625007211563,2000,"{1, 2}","Automatic","Fallback","Gap",0.5471098699187469,0.7000000000000001
"Polarized",7,51,0.15,"2/3",1.5849625007211563,2000,"{1, 2}","Automatic","Borda","Gap",0.8205613352755702,0.8
"Polarized",7,51,0.15,"2/3",1.5849625007211563,2000,"{1, 2}","Automatic","Plurality","Gap",0.15985819683947017,0.8
"Polarized",7,51,0.15,"2/3",1.5849625007211563,2000,"{1, 2}","Automatic","Coombs","Gap",0.6117967710425303,0.8
"Polarized",7,51,0.15,"2/3",1.5849625007211563,2000,"{1, 2}","Automatic","QR","Gap",0.8190649064133909,0.8
"Polarized",7,51,0.15,"2/3",1.5849625007211563,2000,"{1, 2}","Automatic","SDM","Gap",0.8192352432639292,0.8
"Polarized",7,51,0.15,"2/3",1.5849625007211563,2000,"{1, 2}","Automatic","Fallback","Gap",0.6049264017261375,0.8
"Polarized",7,51,0.15,"2/3",1.5849625007211563,2000,"{1, 2}","Automatic","Borda","Gap",0.8377118939922116,0.9
"Polarized",7,51,0.15,"2/3",1.5849625007211563,2000,"{1, 2}","Automatic","Plurality","Gap",0.1359484397832346,0.9
"Polarized",7,51,0.15,"2/3",1.5849625007211563,2000,"{1, 2}","Automatic","Coombs","Gap",0.6185334877406482,0.9
"Polarized",7,51,0.15,"2/3",1.5849625007211563,2000,"{1, 2}","Automatic","QR","Gap",0.8364169429972607,0.9
"Polarized",7,51,0.15,"2/3",1.5849625007211563,2000,"{1, 2}","Automatic","SDM","Gap",0.8377118939922116,0.9
"Polarized",7,51,0.15,"2/3",1.5849625007211563,2000,"{1, 2}","Automatic","Fallback","Gap",0.7177498805417019,0.9
"Polarized",7,51,0.15,"2/3",1.5849625007211563,2000,"{1, 2}","Automatic","Borda","Gap",0.8495170171790162,1.
"Polarized",7,51,0.15,"2/3",1.5849625007211563,2000,"{1, 2}","Automatic","Plurality","Gap",0.1176727353755577,1.
"Polarized",7,51,0.15,"2/3",1.5849625007211563,2000,"{1, 2}","Automatic","Coombs","Gap",0.5973613563537289,1.
"Polarized",7,51,0.15,"2/3",1.5849625007211563,2000,"{1, 2}","Automatic","QR","Gap",0.8495170171790162,1.
"Polarized",7,51,0.15,"2/3",1.5849625007211563,2000,"{1, 2}","Automatic","SDM","Gap",0.8495170171790162,1.
"Polarized",7,51,0.15,"2/3",1.5849625007211563,2000,"{1, 2}","Automatic","Fallback","Gap",0.8480621405799177,1.
"Polarized",10,51,0.15,"2/3",1.5849625007211563,2000,"{1, 2}","Automatic","Borda","Gap",0.48415480419563234,0.
"Polarized",10,51,0.15,"2/3",1.5849625007211563,2000,"{1, 2}","Automatic","Plurality","Gap",0.33899717920967914,0.
"Polarized",10,51,0.15,"2/3",1.5849625007211563,2000,"{1, 2}","Automatic","Coombs","Gap",0.4910247967589686,0.
"Polarized",10,51,0.15,"2/3",1.5849625007211563,2000,"{1, 2}","Automatic","QR","Gap",0.49923382584692566,0.
"Polarized",10,51,0.15,"2/3",1.5849625007211563,2000,"{1, 2}","Automatic","SDM","Gap",0.49824421570002064,0.
"Polarized",10,51,0.15,"2/3",1.5849625007211563,2000,"{1, 2}","Automatic","Fallback","Gap",0.5087647335185455,0.
"Polarized",10,51,0.15,"2/3",1.5849625007211563,2000,"{1, 2}","Automatic","Borda","Gap",0.5054361295476782,0.1
"Polarized",10,51,0.15,"2/3",1.5849625007211563,2000,"{1, 2}","Automatic","Plurality","Gap",0.32445554509662644,0.1
"Polarized",10,51,0.15,"2/3",1.5849625007211563,2000,"{1, 2}","Automatic","Coombs","Gap",0.5143773359953189,0.1
"Polarized",10,51,0.15,"2/3",1.5849625007211563,2000,"{1, 2}","Automatic","QR","Gap",0.5171841817072266,0.1
"Polarized",10,51,0.15,"2/3",1.5849625007211563,2000,"{1, 2}","Automatic","SDM","Gap",0.5177968845090911,0.1
"Polarized",10,51,0.15,"2/3",1.5849625007211563,2000,"{1, 2}","Automatic","Fallback","Gap",0.4968125186101496,0.1
"Polarized",10,51,0.15,"2/3",1.5849625007211563,2000,"{1, 2}","Automatic","Borda","Gap",0.5703670248303058,0.2
"Polarized",10,51,0.15,"2/3",1.5849625007211563,2000,"{1, 2}","Automatic","Plurality","Gap",0.301725378110713,0.2
"Polarized",10,51,0.15,"2/3",1.5849625007211563,2000,"{1, 2}","Automatic","Coombs","Gap",0.568098553818404,0.2
"Polarized",10,51,0.15,"2/3",1.5849625007211563,2000,"{1, 2}","Automatic","QR","Gap",0.5509022923435616,0.2
"Polarized",10,51,0.15,"2/3",1.5849625007211563,2000,"{1, 2}","Automatic","SDM","Gap",0.574236427702477,0.2
"Polarized",10,51,0.15,"2/3",1.5849625007211563,2000,"{1, 2}","Automatic","Fallback","Gap",0.49532941985830836,0.2
"Polarized",10,51,0.15,"2/3",1.5849625007211563,2000,"{1, 2}","Automatic","Borda","Gap",0.6296028299429729,0.30000000000000004
"Polarized",10,51,0.15,"2/3",1.5849625007211563,2000,"{1, 2}","Automatic","Plurality","Gap",0.2726076894698012,0.30000000000000004
"Polarized",10,51,0.15,"2/3",1.5849625007211563,2000,"{1, 2}","Automatic","Coombs","Gap",0.6116023007041811,0.30000000000000004
"Polarized",10,51,0.15,"2/3",1.5849625007211563,2000,"{1, 2}","Automatic","QR","Gap",0.582994669817192,0.30000000000000004
"Polarized",10,51,0.15,"2/3",1.5849625007211563,2000,"{1, 2}","Automatic","SDM","Gap",0.623745509468675,0.30000000000000004
"Polarized",10,51,0.15,"2/3",1.5849625007211563,2000,"{1, 2}","Automatic","Fallback","Gap",0.5119207139413241,0.30000000000000004
"Polarized",10,51,0.15,"2/3",1.5849625007211563,2000,"{1, 2}","Automatic","Borda","Gap",0.7054713423623491,0.4
"Polarized",10,51,0.15,"2/3",1.5849625007211563,2000,"{1, 2}","Automatic","Plurality","Gap",0.23874078427289164,0.4
"Polarized",10,51,0.15,"2/3",1.5849625007211563,2000,"{1, 2}","Automatic","Coombs","Gap",0.6382710019309675,0.4
"Polarized",10,51,0.15,"2/3",1.5849625007211563,2000,"{1, 2}","Automatic","QR","Gap",0.6383688220866623,0.4
"Polarized",10,51,0.15,"2/3",1.5849625007211563,2000,"{1, 2}","Automatic","SDM","Gap",0.6829576253497042,0.4
"Polarized",10,51,0.15,"2/3",1.5849625007211563,2000,"{1, 2}","Automatic","Fallback","Gap",0.5059821239000161,0.4
"Polarized",10,51,0.15,"2/3",1.5849625007211563,2000,"{1, 2}","Automatic","Borda","Gap",0.7565395949581954,0.5
"Polarized",10,51,0.15,"2/3",1.5849625007211563,2000,"{1, 2}","Automatic","Plurality","Gap",0.2041157870589175,0.5
"Polarized",10,51,0.15,"2/3",1.5849625007211563,2000,"{1, 2}","Automatic","Coombs","Gap",0.6546604463978551,0.5
"Polarized",10,51,0.15,"2/3",1.5849625007211563,2000,"{1, 2}","Automatic","QR","Gap",0.707235944497087,0.5
"Polarized",10,51,0.15,"2/3",1.5849625007211563,2000,"{1, 2}","Automatic","SDM","Gap",0.7322806821067802,0.5
"Polarized",10,51,0.15,"2/3",1.5849625007211563,2000,"{1, 2}","Automatic","Fallback","Gap",0.5253192338963818,0.5
"Polarized",10,51,0.15,"2/3",1.5849625007211563,2000,"{1, 2}","Automatic","Borda","Gap",0.7860986616337475,0.6000000000000001
"Polarized",10,51,0.15,"2/3",1.5849625007211563,2000,"{1, 2}","Automatic","Plurality","Gap",0.18526771730396008,0.6000000000000001
"Polarized",10,51,0.15,"2/3",1.5849625007211563,2000,"{1, 2}","Automatic","Coombs","Gap",0.6432726655427845,0.6000000000000001
"Polarized",10,51,0.15,"2/3",1.5849625007211563,2000,"{1, 2}","Automatic","QR","Gap",0.760208304739833,0.6000000000000001
"Polarized",10,51,0.15,"2/3",1.5849625007211563,2000,"{1, 2}","Automatic","SDM","Gap",0.768074391100432,0.6000000000000001
"Polarized",10,51,0.15,"2/3",1.5849625007211563,2000,"{1, 2}","Automatic","Fallback","Gap",0.551042201952358,0.6000000000000001
"Polarized",10,51,0.15,"2/3",1.5849625007211563,2000,"{1, 2}","Automatic","Borda","Gap",0.813857706374763,0.7000000000000001
"Polarized",10,51,0.15,"2/3",1.5849625007211563,2000,"{1, 2}","Automatic","Plurality","Gap",0.16526405405958822,0.7000000000000001
"Polarized",10,51,0.15,"2/3",1.5849625007211563,2000,"{1, 2}","Automatic","Coombs","Gap",0.6522197630290113,0.7000000000000001
"Polarized",10,51,0.15,"2/3",1.5849625007211563,2000,"{1, 2}","Automatic","QR","Gap",0.8081517668533142,0.7000000000000001
"Polarized",10,51,0.15,"2/3",1.5849625007211563,2000,"{1, 2}","Automatic","SDM","Gap",0.7996310393358128,0.7000000000000001
"Polarized",10,51,0.15,"2/3",1.5849625007211563,2000,"{1, 2}","Automatic","Fallback","Gap",0.5765436698748322,0.7000000000000001
"Polarized",10,51,0.15,"2/3",1.5849625007211563,2000,"{1, 2}","Automatic","Borda","Gap",0.8295262982551872,0.8
"Polarized",10,51,0.15,"2/3",1.5849625007211563,2000,"{1, 2}","Automatic","Plurality","Gap",0.14668396277409068,0.8
"Polarized",10,51,0.15,"2/3",1.5849625007211563,2000,"{1, 2}","Automatic","Coombs","Gap",0.6580845658582004,0.8
"Polarized",10,51,0.15,"2/3",1.5849625007211563,2000,"{1, 2}","Automatic","QR","Gap",0.8284511909526588,0.8
"Polarized",10,51,0.15,"2/3",1.5849625007211563,2000,"{1, 2}","Automatic","SDM","Gap",0.8218846165171365,0.8
"Polarized",10,51,0.15,"2/3",1.5849625007211563,2000,"{1, 2}","Automatic","Fallback","Gap",0.6025055701108125,0.8
"Polarized",10,51,0.15,"2/3",1.5849625007211563,2000,"{1, 2}","Automatic","Borda","Gap",0.8418919485808463,0.9
"Polarized",10,51,0.15,"2/3",1.5849625007211563,2000,"{1, 2}","Automatic","Plurality","Gap",0.1288469531122076,0.9
"Polarized",10,51,0.15,"2/3",1.5849625007211563,2000,"{1, 2}","Automatic","Coombs","Gap",0.6463394080381535,0.9
"Polarized",10,51,0.15,"2/3",1.5849625007211563,2000,"{1, 2}","Automatic","QR","Gap",0.8411510122530462,0.9
"Polarized",10,51,0.15,"2/3",1.5849625007211563,2000,"{1, 2}","Automatic","SDM","Gap",0.8398223090197084,0.9
"Polarized",10,51,0.15,"2/3",1.5849625007211563,2000,"{1, 2}","Automatic","Fallback","Gap",0.6463887198090422,0.9
"Polarized",10,51,0.15,"2/3",1.5849625007211563,2000,"{1, 2}","Automatic","Borda","Gap",0.8517937842907861,1.
"Polarized",10,51,0.15,"2/3",1.5849625007211563,2000,"{1, 2}","Automatic","Plurality","Gap",0.11519570169086604,1.
"Polarized",10,51,0.15,"2/3",1.5849625007211563,2000,"{1, 2}","Automatic","Coombs","Gap",0.6126404537059211,1.
"Polarized",10,51,0.15,"2/3",1.5849625007211563,2000,"{1, 2}","Automatic","QR","Gap",0.8509069135918794,1.
"Polarized",10,51,0.15,"2/3",1.5849625007211563,2000,"{1, 2}","Automatic","SDM","Gap",0.8517937842907861,1.
"Polarized",10,51,0.15,"2/3",1.5849625007211563,2000,"{1, 2}","Automatic","Fallback","Gap",0.8520078200636892,1.
