"m","n","phi","Rule","CentralWinnerRate"
3,51,0.01,"Borda",1
3,51,0.01,"Coombs",1
3,51,0.01,"Fallback",0.8635
3,51,0.01,"QR",1
3,51,0.01,"SDM",1
3,51,0.01,"Plurality",1
3,51,0.108,"Borda",1
3,51,0.108,"Coombs",1
3,51,0.108,"Fallback",0.7155
3,51,0.108,"QR",1
3,51,0.108,"SDM",1
3,51,0.108,"Plurality",1
3,51,0.20600000000000002,"Borda",1
3,51,0.20600000000000002,"Coombs",1
3,51,0.20600000000000002,"Fallback",0.439
3,51,0.20600000000000002,"QR",0.999
3,51,0.20600000000000002,"SDM",1
3,51,0.20600000000000002,"Plurality",1
3,51,0.30400000000000005,"Borda",1
3,51,0.30400000000000005,"Coombs",1
3,51,0.30400000000000005,"Fallback",0.359
3,51,0.30400000000000005,"QR",0.994
3,51,0.30400000000000005,"SDM",1
3,51,0.30400000000000005,"Plurality",1
3,51,0.402,"Borda",0.999
3,51,0.402,"Coombs",0.9995
3,51,0.402,"Fallback",0.3405
3,51,0.402,"QR",0.981
3,51,0.402,"SDM",0.999
3,51,0.402,"Plurality",0.999
3,51,0.5,"Borda",0.9905
3,51,0.5,"Coombs",0.9955
3,51,0.5,"Fallback",0.3255
3,51,0.5,"QR",0.953
3,51,0.5,"SDM",0.9865
3,51,0.5,"Plurality",0.99
3,51,0.5980000000000001,"Borda",0.966
3,51,0.5980000000000001,"Coombs",0.9725
3,51,0.5980000000000001,"Fallback",0.3345
3,51,0.5980000000000001,"QR",0.9125
3,51,0.5980000000000001,"SDM",0.9535
3,51,0.5980000000000001,"Plurality",0.9575
3,51,0.6960000000000001,"Borda",0.891
3,51,0.6960000000000001,"Coombs",0.8985
3,51,0.6960000000000001,"Fallback",0.3325
3,51,0.6960000000000001,"QR",0.8215
3,51,0.6960000000000001,"SDM",0.8805
3,51,0.6960000000000001,"Plurality",0.862
3,51,0.794,"Borda",0.753
3,51,0.794,"Coombs",0.7485
3,51,0.794,"Fallback",0.315
3,51,0.794,"QR",0.6995
3,51,0.794,"SDM",0.7455
3,51,0.794,"Plurality",0.7265
3,51,0.892,"Borda",0.5715
3,51,0.892,"Coombs",0.572
3,51,0.892,"Fallback",0.3395
3,51,0.892,"QR",0.531
3,51,0.892,"SDM",0.566
3,51,0.892,"Plurality",0.547
3,51,0.99,"Borda",0.35
3,51,0.99,"Coombs",0.345
3,51,0.99,"Fallback",0.3315
3,51,0.99,"QR",0.3425
3,51,0.99,"SDM",0.346
3,51,0.99,"Plurality",0.3505
5,51,0.01,"Borda",1
5,51,0.01,"Coombs",1
5,51,0.01,"Fallback",0.881
5,51,0.01,"QR",1
5,51,0.01,"SDM",1
5,51,0.01,"Plurality",1
5,51,0.108,"Borda",1
5,51,0.108,"Coombs",1
5,51,0.108,"Fallback",0.8405
5,51,0.108,"QR",1
5,51,0.108,"SDM",1
5,51,0.108,"Plurality",1
5,51,0.20600000000000002,"Borda",1
5,51,0.20600000000000002,"Coombs",1
5,51,0.20600000000000002,"Fallback",0.791
5,51,0.20600000000000002,"QR",0.9995
5,51,0.20600000000000002,"SDM",1
5,51,0.20600000000000002,"Plurality",1
5,51,0.30400000000000005,"Borda",1
5,51,0.30400000000000005,"Coombs",1
5,51,0.30400000000000005,"Fallback",0.682
5,51,0.30400000000000005,"QR",0.9915
5,51,0.30400000000000005,"SDM",0.9985
5,51,0.30400000000000005,"Plurality",1
5,51,0.402,"Borda",0.9975
5,51,0.402,"Coombs",0.9995
5,51,0.402,"Fallback",0.52
5,51,0.402,"QR",0.9805
5,51,0.402,"SDM",0.991
5,51,0.402,"Plurality",0.9995
5,51,0.5,"Borda",0.9815
5,51,0.5,"Coombs",0.9895
5,51,0.5,"Fallback",0.348
5,51,0.5,"QR",0.9625
5,51,0.5,"SDM",0.9725
5,51,0.5,"Plurality",0.978
5,51,0.5980000000000001,"Borda",0.954
5,51,0.5980000000000001,"Coombs",0.9735
5,51,0.5980000000000001,"Fallback",0.239
5,51,0.5980000000000001,"QR",0.8995
5,51,0.5980000000000001,"SDM",0.933
5,51,0.5980000000000001,"Plurality",0.947
5,51,0.6960000000000001,"Borda",0.8665
5,51,0.6960000000000001,"Coombs",0.8945
5,51,0.6960000000000001,"Fallback",0.2185
5,51,0.6960000000000001,"QR",0.789
5,51,0.6960000000000001,"SDM",0.849
5,51,0.6960000000000001,"Plurality",0.824
5,51,0.794,"Borda",0.748
5,51,0.794,"Coombs",0.7475
5,51,0.794,"Fallback",0.1955
5,51,0.794,"QR",0.653
5,51,0.794,"SDM",0.7265
5,51,0.794,"Plurality",0.6605
5,51,0.892,"Borda",0.5155
5,51,0.892,"Coombs",0.5005
5,51,0.892,"Fallback",0.2045
5,51,0.892,"QR",0.4815
5,51,0.892,"SDM",0.513
5,51,0.892,"Plurality",0.449
5,51,0.99,"Borda",0.236
5,51,0.99,"Coombs",0.2305
5,51,0.99,"Fallback",0.2015
5,51,0.99,"QR",0.2195
5,51,0.99,"SDM",0.222
5,51,0.99,"Plurality",0.223
7,51,0.01,"Borda",1
7,51,0.01,"Coombs",1
7,51,0.01,"Fallback",0.8695
7,51,0.01,"QR",1
7,51,0.01,"SDM",1
7,51,0.01,"Plurality",1
7,51,0.108,"Borda",1
7,51,0.108,"Coombs",1
7,51,0.108,"Fallback",0.8495
7,51,0.108,"QR",1
7,51,0.108,"SDM",1
7,51,0.108,"Plurality",1
7,51,0.20600000000000002,"Borda",1
7,51,0.20600000000000002,"Coombs",1
7,51,0.20600000000000002,"Fallback",0.7785
7,51,0.20600000000000002,"QR",0.9995
7,51,0.20600000000000002,"SDM",1
7,51,0.20600000000000002,"Plurality",1
7,51,0.30400000000000005,"Borda",1
7,51,0.30400000000000005,"Coombs",1
7,51,0.30400000000000005,"Fallback",0.735
7,51,0.30400000000000005,"QR",0.992
7,51,0.30400000000000005,"SDM",0.9985
7,51,0.30400000000000005,"Plurality",1
7,51,0.402,"Borda",0.995
7,51,0.402,"Coombs",0.998
7,51,0.402,"Fallback",0.6395
7,51,0.402,"QR",0.982
7,51,0.402,"SDM",0.988
7,51,0.402,"Plurality",0.998
7,51,0.5,"Borda",0.9835
7,51,0.5,"Coombs",0.9925
7,51,0.5,"Fallback",0.5515
7,51,0.5,"QR",0.9595
7,51,0.5,"SDM",0.958
7,51,0.5,"Plurality",0.9865
7,51,0.5980000000000001,"Borda",0.9405
7,51,0.5980000000000001,"Coombs",0.9735
7,51,0.5980000000000001,"Fallback",0.4185
7,51,0.5980000000000001,"QR",0.894
7,51,0.5980000000000001,"SDM",0.9055
7,51,0.5980000000000001,"Plurality",0.933
7,51,0.6960000000000001,"Borda",0.8595
7,51,0.6960000000000001,"Coombs",0.8955
7,51,0.6960000000000001,"Fallback",0.262
7,51,0.6960000000000001,"QR",0.812
7,51,0.6960000000000001,"SDM",0.839
7,51,0.6960000000000001,"Plurality",0.8145
7,51,0.794,"Borda",0.7255
7,51,0.794,"Coombs",0.74
7,51,0.794,"Fallback",0.18
7,51,0.794,"QR",0.662
7,51,0.794,"SDM",0.712
7,51,0.794,"Plurality",0.6335
7,51,0.892,"Borda",0.4935
7,51,0.892,"Coombs",0.4885
7,51,0.892,"Fallback",0.163
7,51,0.892,"QR",0.4485
7,51,0.892,"SDM",0.486
7,51,0.892,"Plurality",0.3905
7,51,0.99,"Borda",0.1835
7,51,0.99,"Coombs",0.1745
7,51,0.99,"Fallback",0.136
7,51,0.99,"QR",0.17
7,51,0.99,"SDM",0.1815
7,51,0.99,"Plurality",0.1785
10,51,0.01,"Borda",1
10,51,0.01,"Coombs",1
10,51,0.01,"Fallback",0.8805
10,51,0.01,"QR",1
10,51,0.01,"SDM",1
10,51,0.01,"Plurality",1
10,51,0.108,"Borda",1
10,51,0.108,"Coombs",1
10,51,0.108,"Fallback",0.8455
10,51,0.108,"QR",1
10,51,0.108,"SDM",1
10,51,0.108,"Plurality",1
10,51,0.20600000000000002,"Borda",1
10,51,0.20600000000000002,"Coombs",1
10,51,0.20600000000000002,"Fallback",0.7705
10,51,0.20600000000000002,"QR",1
10,51,0.20600000000000002,"SDM",1
10,51,0.20600000000000002,"Plurality",1
10,51,0.30400000000000005,"Borda",1
10,51,0.30400000000000005,"Coombs",1
10,51,0.30400000000000005,"Fallback",0.7115
10,51,0.30400000000000005,"QR",0.991
10,51,0.30400000000000005,"SDM",0.998
10,51,0.30400000000000005,"Plurality",1
10,51,0.402,"Borda",0.996
10,51,0.402,"Coombs",1
10,51,0.402,"Fallback",0.6545
10,51,0.402,"QR",0.986
10,51,0.402,"SDM",0.982
10,51,0.402,"Plurality",0.998
10,51,0.5,"Borda",0.973
10,51,0.5,"Coombs",0.99
10,51,0.5,"Fallback",0.589
10,51,0.5,"QR",0.951
10,51,0.5,"SDM",0.949
10,51,0.5,"Plurality",0.9755
10,51,0.5980000000000001,"Borda",0.9245
10,51,0.5980000000000001,"Coombs",0.964
10,51,0.5980000000000001,"Fallback",0.4965
10,51,0.5980000000000001,"QR",0.8875
10,51,0.5980000000000001,"SDM",0.8895
10,51,0.5980000000000001,"Plurality",0.9265
10,51,0.6960000000000001,"Borda",0.8375
10,51,0.6960000000000001,"Coombs",0.893
10,51,0.6960000000000001,"Fallback",0.391
10,51,0.6960000000000001,"QR",0.8025
10,51,0.6960000000000001,"SDM",0.8095
10,51,0.6960000000000001,"Plurality",0.8125
10,51,0.794,"Borda",0.7215
10,51,0.794,"Coombs",0.75
10,51,0.794,"Fallback",0.2455
10,51,0.794,"QR",0.6755
10,51,0.794,"SDM",0.6955
10,51,0.794,"Plurality",0.631
10,51,0.892,"Borda",0.5045
10,51,0.892,"Coombs",0.4815
10,51,0.892,"Fallback",0.1345
10,51,0.892,"QR",0.4555
10,51,0.892,"SDM",0.4885
10,51,0.892,"Plurality",0.3635
10,51,0.99,"Borda",0.1325
10,51,0.99,"Coombs",0.1255
10,51,0.99,"Fallback",0.0985
10,51,0.99,"QR",0.127
10,51,0.99,"SDM",0.1275
10,51,0.99,"Plurality",0.12
