"Model","m","n","phi","S","MaxRank","lambda","Rule","q","p","Metric","Value"
"OppPrefs",7,51,0.15,2000,"Automatic",0,"QR",0.55,,"Top1Acceptability",0.16785294117647026
"OppPrefs",7,51,0.15,2000,"Automatic",0,"QR",0.55,,"Top2Acceptability",0.338441176470588
"OppPrefs",7,51,0.15,2000,"Automatic",0,"QR",0.55,,"Gap",0.5045023840066211
"OppPrefs",7,51,0.15,2000,"Automatic",0,"QR",0.55,,"CondorcetEfficiency",0.66171875
"OppPrefs",7,51,0.15,2000,"Automatic",0,"QR",0.55,,"CondorcetExistRate",0.64
"OppPrefs",7,51,0.15,2000,"Automatic",0,"QR",0.55,,"MidScore",0.43033333333333323
"OppPrefs",7,51,0.15,2000,"Automatic",0,"QR",0.6666666666666666,,"Top1Acceptability",0.16381372549019577
"OppPrefs",7,51,0.15,2000,"Automatic",0,"QR",0.6666666666666666,,"Top2Acceptability",0.3308137254901958
"OppPrefs",7,51,0.15,2000,"Automatic",0,"QR",0.6666666666666666,,"Gap",0.5058335999072817
"OppPrefs",7,51,0.15,2000,"Automatic",0,"QR",0.6666666666666666,,"CondorcetEfficiency",0.615625
"OppPrefs",7,51,0.15,2000,"Automatic",0,"QR",0.6666666666666666,,"CondorcetExistRate",0.64
"OppPrefs",7,51,0.15,2000,"Automatic",0,"QR",0.6666666666666666,,"MidScore",0.42516666666666664
"OppPrefs",7,51,0.15,2000,"Automatic",0,"QR",0.8,,"Top1Acceptability",0.15840196078431346
"OppPrefs",7,51,0.15,2000,"Automatic",0,"QR",0.8,,"Top2Acceptability",0.3173039215686272
"OppPrefs",7,51,0.15,2000,"Automatic",0,"QR",0.8,,"Gap",0.500544812146463
"OppPrefs",7,51,0.15,2000,"Automatic",0,"QR",0.8,,"CondorcetEfficiency",0.50625
"OppPrefs",7,51,0.15,2000,"Automatic",0,"QR",0.8,,"CondorcetExistRate",0.64
"OppPrefs",7,51,0.15,2000,"Automatic",0,"QR",0.8,,"MidScore",0.436
"OppPrefs",7,51,0.15,2000,"Automatic",0,"QR",0.95,,"Top1Acceptability",0.14604901960784286
"OppPrefs",7,51,0.15,2000,"Automatic",0,"QR",0.95,,"Top2Acceptability",0.2920588235294115
"OppPrefs",7,51,0.15,2000,"Automatic",0,"QR",0.95,,"Gap",0.49907214907711106
"OppPrefs",7,51,0.15,2000,"Automatic",0,"QR",0.95,,"CondorcetEfficiency",0.22265625
"OppPrefs",7,51,0.15,2000,"Automatic",0,"QR",0.95,,"CondorcetExistRate",0.64
"OppPrefs",7,51,0.15,2000,"Automatic",0,"QR",0.95,,"MidScore",0.42466666666666664
"OppPrefs",7,51,0.15,2000,"Automatic",0.1,"QR",0.55,,"Top1Acceptability",0.16441176470588204
"OppPrefs",7,51,0.15,2000,"Automatic",0.1,"QR",0.55,,"Top2Acceptability",0.33018627450980365
"OppPrefs",7,51,0.15,2000,"Automatic",0.1,"QR",0.55,,"Gap",0.5027840735539306
"OppPrefs",7,51,0.15,2000,"Automatic",0.1,"QR",0.55,,"CondorcetEfficiency",0.6630179827990618
"OppPrefs",7,51,0.15,2000,"Automatic",0.1,"QR",0.55,,"CondorcetExistRate",0.6395
"OppPrefs",7,51,0.15,2000,"Automatic",0.1,"QR",0.55,,"MidScore",0.513
"OppPrefs",7,51,0.15,2000,"Automatic",0.1,"QR",0.6666666666666666,,"Top1Acceptability",0.15766666666666637
"OppPrefs",7,51,0.15,2000,"Automatic",0.1,"QR",0.6666666666666666,,"Top2Acceptability",0.3185098039215684
"OppPrefs",7,51,0.15,2000,"Automatic",0.1,"QR",0.6666666666666666,,"Gap",0.5050993892115796
"OppPrefs",7,51,0.15,2000,"Automatic",0.1,"QR",0.6666666666666666,,"CondorcetEfficiency",0.6106333072713057
"OppPrefs",7,51,0.15,2000,"Automatic",0.1,"QR",0.6666666666666666,,"CondorcetExistRate",0.6395
"OppPrefs",7,51,0.15,2000,"Automatic",0.1,"QR",0.6666666666666666,,"MidScore",0.5686666666666665
"OppPrefs",7,51,0.15,2000,"Automatic",0.1,"QR",0.8,,"Top1Acceptability",0.1508921568627448
"OppPrefs",7,51,0.15,2000,"Automatic",0.1,"QR",0.8,,"Top2Acceptability",0.3052254901960781
"OppPrefs",7,51,0.15,2000,"Automatic",0.1,"QR",0.8,,"Gap",0.5055703982792197
"OppPrefs",7,51,0.15,2000,"Automatic",0.1,"QR",0.8,,"CondorcetEfficiency",0.4831899921813917
"OppPrefs",7,51,0.15,2000,"Automatic",0.1,"QR",0.8,,"CondorcetExistRate",0.6395
"OppPrefs",7,51,0.15,2000,"Automatic",0.1,"QR",0.8,,"MidScore",0.5855
"OppPrefs",7,51,0.15,2000,"Automatic",0.1,"QR",0.95,,"Top1Acceptability",0.14552941176470563
"OppPrefs",7,51,0.15,2000,"Automatic",0.1,"QR",0.95,,"Top2Acceptability",0.2878921568627448
"OppPrefs",7,51,0.15,2000,"Automatic",0.1,"QR",0.95,,"Gap",0.4940600956751778
"OppPrefs",7,51,0.15,2000,"Automatic",0.1,"QR",0.95,,"CondorcetEfficiency",0.20875684128225175
"OppPrefs",7,51,0.15,2000,"Automatic",0.1,"QR",0.95,,"CondorcetExistRate",0.6395
"OppPrefs",7,51,0.15,2000,"Automatic",0.1,"QR",0.95,,"MidScore",0.4554999999999999
"OppPrefs",7,51,0.15,2000,"Automatic",0.2,"QR",0.55,,"Top1Acceptability",0.15541176470588208
"OppPrefs",7,51,0.15,2000,"Automatic",0.2,"QR",0.55,,"Top2Acceptability",0.3127843137254899
"OppPrefs",7,51,0.15,2000,"Automatic",0.2,"QR",0.55,,"Gap",0.5046030297802754
"OppPrefs",7,51,0.15,2000,"Automatic",0.2,"QR",0.55,,"CondorcetEfficiency",0.5978441127694859
"OppPrefs",7,51,0.15,2000,"Automatic",0.2,"QR",0.55,,"CondorcetExistRate",0.603
"OppPrefs",7,51,0.15,2000,"Automatic",0.2,"QR",0.55,,"MidScore",0.5965
"OppPrefs",7,51,0.15,2000,"Automatic",0.2,"QR",0.6666666666666666,,"Top1Acceptability",0.1448823529411762
"OppPrefs",7,51,0.15,2000,"Automatic",0.2,"QR",0.6666666666666666,,"Top2Acceptability",0.2927352941176467
"OppPrefs",7,51,0.15,2000,"Automatic",0.2,"QR",0.6666666666666666,,"Gap",0.5061818289755948
"OppPrefs",7,51,0.15,2000,"Automatic",0.2,"QR",0.6666666666666666,,"CondorcetEfficiency",0.5174129353233831
"OppPrefs",7,51,0.15,2000,"Automatic",0.2,"QR",0.6666666666666666,,"CondorcetExistRate",0.603
"OppPrefs",7,51,0.15,2000,"Automatic",0.2,"QR",0.6666666666666666,,"MidScore",0.6848333333333335
"OppPrefs",7,51,0.15,2000,"Automatic",0.2,"QR",0.8,,"Top1Acceptability",0.13252941176470562
"OppPrefs",7,51,0.15,2000,"Automatic",0.2,"QR",0.8,,"Top2Acceptability",0.27921568627450943
"OppPrefs",7,51,0.15,2000,"Automatic",0.2,"QR",0.8,,"Gap",0.5245879508365577
"OppPrefs",7,51,0.15,2000,"Automatic",0.2,"QR",0.8,,"CondorcetEfficiency",0.42122719734660036
"OppPrefs",7,51,0.15,2000,"Automatic",0.2,"QR",0.8,,"CondorcetExistRate",0.603
"OppPrefs",7,51,0.15,2000,"Automatic",0.2,"QR",0.8,,"MidScore",0.6853333333333335
"OppPrefs",7,51,0.15,2000,"Automatic",0.2,"QR",0.95,,"Top1Acceptability",0.14255882352941152
"OppPrefs",7,51,0.15,2000,"Automatic",0.2,"QR",0.95,,"Top2Acceptability",0.2884509803921565
"OppPrefs",7,51,0.15,2000,"Automatic",0.2,"QR",0.95,,"Gap",0.5074081466403991
"OppPrefs",7,51,0.15,2000,"Automatic",0.2,"QR",0.95,,"CondorcetEfficiency",0.23548922056384744
"OppPrefs",7,51,0.15,2000,"Automatic",0.2,"QR",0.95,,"CondorcetExistRate",0.603
"OppPrefs",7,51,0.15,2000,"Automatic",0.2,"QR",0.95,,"MidScore",0.472
"OppPrefs",7,51,0.15,2000,"Automatic",0.30000000000000004,"QR",0.55,,"Top1Acceptability",0.1393725490196076
"OppPrefs",7,51,0.15,2000,"Automatic",0.30000000000000004,"QR",0.55,,"Top2Acceptability",0.28360784313725457
"OppPrefs",7,51,0.15,2000,"Automatic",0.30000000000000004,"QR",0.55,,"Gap",0.5119384667659957
"OppPrefs",7,51,0.15,2000,"Automatic",0.30000000000000004,"QR",0.55,,"CondorcetEfficiency",0.5222129086336965
"OppPrefs",7,51,0.15,2000,"Automatic",0.30000000000000004,"QR",0.55,,"CondorcetExistRate",0.5965
"OppPrefs",7,51,0.15,2000,"Automatic",0.30000000000000004,"QR",0.55,,"MidScore",0.6963333333333335
"OppPrefs",7,51,0.15,2000,"Automatic",0.30000000000000004,"QR",0.6666666666666666,,"Top1Acceptability",0.12295098039215666
"OppPrefs",7,51,0.15,2000,"Automatic",0.30000000000000004,"QR",0.6666666666666666,,"Top2Acceptability",0.254882352941176
"OppPrefs",7,51,0.15,2000,"Automatic",0.30000000000000004,"QR",0.6666666666666666,,"Gap",0.5173574876262758
"OppPrefs",7,51,0.15,2000,"Automatic",0.30000000000000004,"QR",0.6666666666666666,,"CondorcetEfficiency",0.39983235540653816
"OppPrefs",7,51,0.15,2000,"Automatic",0.30000000000000004,"QR",0.6666666666666666,,"CondorcetExistRate",0.5965
"OppPrefs",7,51,0.15,2000,"Automatic",0.30000000000000004,"QR",0.6666666666666666,,"MidScore",0.7925000000000002
"OppPrefs",7,51,0.15,2000,"Automatic",0.30000000000000004,"QR",0.8,,"Top1Acceptability",0.1127156862745096
"OppPrefs",7,51,0.15,2000,"Automatic",0.30000000000000004,"QR",0.8,,"Top2Acceptability",0.2446274509803917
"OppPrefs",7,51,0.15,2000,"Automatic",0.30000000000000004,"QR",0.8,,"Gap",0.5352428057665328
"OppPrefs",7,51,0.15,2000,"Automatic",0.30000000000000004,"QR",0.8,,"CondorcetEfficiency",0.3344509639564124
"OppPrefs",7,51,0.15,2000,"Automatic",0.30000000000000004,"QR",0.8,,"CondorcetExistRate",0.5965
"OppPrefs",7,51,0.15,2000,"Automatic",0.30000000000000004,"QR",0.8,,"MidScore",0.7701666666666671
"OppPrefs",7,51,0.15,2000,"Automatic",0.30000000000000004,"QR",0.95,,"Top1Acceptability",0.13626470588235273
"OppPrefs",7,51,0.15,2000,"Automatic",0.30000000000000004,"QR",0.95,,"Top2Acceptability",0.28045098039215655
"OppPrefs",7,51,0.15,2000,"Automatic",0.30000000000000004,"QR",0.95,,"Gap",0.5166795888222657
"OppPrefs",7,51,0.15,2000,"Automatic",0.30000000000000004,"QR",0.95,,"CondorcetEfficiency",0.24895222129086336
"OppPrefs",7,51,0.15,2000,"Automatic",0.30000000000000004,"QR",0.95,,"CondorcetExistRate",0.5965
"OppPrefs",7,51,0.15,2000,"Automatic",0.30000000000000004,"QR",0.95,,"MidScore",0.49883333333333324
"OppPrefs",7,51,0.15,2000,"Automatic",0.4,"QR",0.55,,"Top1Acceptability",0.11841176470588217
"OppPrefs",7,51,0.15,2000,"Automatic",0.4,"QR",0.55,,"Top2Acceptability",0.2417843137254897
"OppPrefs",7,51,0.15,2000,"Automatic",0.4,"QR",0.55,,"Gap",0.5124211154811397
"OppPrefs",7,51,0.15,2000,"Automatic",0.4,"QR",0.55,,"CondorcetEfficiency",0.4315525876460768
"OppPrefs",7,51,0.15,2000,"Automatic",0.4,"QR",0.55,,"CondorcetExistRate",0.599
"OppPrefs",7,51,0.15,2000,"Automatic",0.4,"QR",0.55,,"MidScore",0.7995
"OppPrefs",7,51,0.15,2000,"Automatic",0.4,"QR",0.6666666666666666,,"Top1Acceptability",0.10222549019607825
"OppPrefs",7,51,0.15,2000,"Automatic",0.4,"QR",0.6666666666666666,,"Top2Acceptability",0.21293137254901923
"OppPrefs",7,51,0.15,2000,"Automatic",0.4,"QR",0.6666666666666666,,"Gap",0.5183212787758898
"OppPrefs",7,51,0.15,2000,"Automatic",0.4,"QR",0.6666666666666666,,"CondorcetEfficiency",0.3096828046744574
"OppPrefs",7,51,0.15,2000,"Automatic",0.4,"QR",0.6666666666666666,,"CondorcetExistRate",0.599
"OppPrefs",7,51,0.15,2000,"Automatic",0.4,"QR",0.6666666666666666,,"MidScore",0.874166666666667
"OppPrefs",7,51,0.15,2000,"Automatic",0.4,"QR",0.8,,"Top1Acceptability",0.10062745098039198
"OppPrefs",7,51,0.15,2000,"Automatic",0.4,"QR",0.8,,"Top2Acceptability",0.21473529411764666
"OppPrefs",7,51,0.15,2000,"Automatic",0.4,"QR",0.8,,"Gap",0.5281789692827812
"OppPrefs",7,51,0.15,2000,"Automatic",0.4,"QR",0.8,,"CondorcetEfficiency",0.332220367278798
"OppPrefs",7,51,0.15,2000,"Automatic",0.4,"QR",0.8,,"CondorcetExistRate",0.599
"OppPrefs",7,51,0.15,2000,"Automatic",0.4,"QR",0.8,,"MidScore",0.8021666666666674
"OppPrefs",7,51,0.15,2000,"Automatic",0.4,"QR",0.95,,"Top1Acceptability",0.1271078431372547
"OppPrefs",7,51,0.15,2000,"Automatic",0.4,"QR",0.95,,"Top2Acceptability",0.26786274509803876
"OppPrefs",7,51,0.15,2000,"Automatic",0.4,"QR",0.95,,"Gap",0.528738424435422
"OppPrefs",7,51,0.15,2000,"Automatic",0.4,"QR",0.95,,"CondorcetEfficiency",0.3013355592654424
"OppPrefs",7,51,0.15,2000,"Automatic",0.4,"QR",0.95,,"CondorcetExistRate",0.599
"OppPrefs",7,51,0.15,2000,"Automatic",0.4,"QR",0.95,,"MidScore",0.5451666666666666
"OppPrefs",7,51,0.15,2000,"Automatic",0.5,"QR",0.55,,"Top1Acceptability",0.09240196078431359
"OppPrefs",7,51,0.15,2000,"Automatic",0.5,"QR",0.55,,"Top2Acceptability",0.19646078431372516
"OppPrefs",7,51,0.15,2000,"Automatic",0.5,"QR",0.55,,"Gap",0.5340576175877788
"OppPrefs",7,51,0.15,2000,"Automatic",0.5,"QR",0.55,,"CondorcetEfficiency",0.33801580333625986
"OppPrefs",7,51,0.15,2000,"Automatic",0.5,"QR",0.55,,"CondorcetExistRate",0.5695
"OppPrefs",7,51,0.15,2000,"Automatic",0.5,"QR",0.55,,"MidScore",0.8741666666666668
"OppPrefs",7,51,0.15,2000,"Automatic",0.5,"QR",0.6666666666666666,,"Top1Acceptability",0.07666666666666655
"OppPrefs",7,51,0.15,2000,"Automatic",0.5,"QR",0.6666666666666666,,"Top2Acceptability",0.16559803921568597
"OppPrefs",7,51,0.15,2000,"Automatic",0.5,"QR",0.6666666666666666,,"Gap",0.5344861863154668
"OppPrefs",7,51,0.15,2000,"Automatic",0.5,"QR",0.6666666666666666,,"CondorcetEfficiency",0.21422300263388938
"OppPrefs",7,51,0.15,2000,"Automatic",0.5,"QR",0.6666666666666666,,"CondorcetExistRate",0.5695
"OppPrefs",7,51,0.15,2000,"Automatic",0.5,"QR",0.6666666666666666,,"MidScore",0.9461666666666669
"OppPrefs",7,51,0.15,2000,"Automatic",0.5,"QR",0.8,,"Top1Acceptability",0.0807254901960783
"OppPrefs",7,51,0.15,2000,"Automatic",0.5,"QR",0.8,,"Top2Acceptability",0.17972549019607809
"OppPrefs",7,51,0.15,2000,"Automatic",0.5,"QR",0.8,,"Gap",0.5483265043242791
"OppPrefs",7,51,0.15,2000,"Automatic",0.5,"QR",0.8,,"CondorcetEfficiency",0.2993854258121159
"OppPrefs",7,51,0.15,2000,"Automatic",0.5,"QR",0.8,,"CondorcetExistRate",0.5695
"OppPrefs",7,51,0.15,2000,"Automatic",0.5,"QR",0.8,,"MidScore",0.8320000000000005
"OppPrefs",7,51,0.15,2000,"Automatic",0.5,"QR",0.95,,"Top1Acceptability",0.1021568627450979
"OppPrefs",7,51,0.15,2000,"Automatic",0.5,"QR",0.95,,"Top2Acceptability",0.2346960784313721
"OppPrefs",7,51,0.15,2000,"Automatic",0.5,"QR",0.95,,"Gap",0.5616529580937278
"OppPrefs",7,51,0.15,2000,"Automatic",0.5,"QR",0.95,,"CondorcetEfficiency",0.28884986830553117
"OppPrefs",7,51,0.15,2000,"Automatic",0.5,"QR",0.95,,"CondorcetExistRate",0.5695
"OppPrefs",7,51,0.15,2000,"Automatic",0.5,"QR",0.95,,"MidScore",0.6326666666666667
"OppPrefs",7,51,0.15,2000,"Automatic",0.6000000000000001,"QR",0.55,,"Top1Acceptability",0.07896078431372539
"OppPrefs",7,51,0.15,2000,"Automatic",0.6000000000000001,"QR",0.55,,"Top2Acceptability",0.16455882352941148
"OppPrefs",7,51,0.15,2000,"Automatic",0.6000000000000001,"QR",0.55,,"Gap",0.5282868134984485
"OppPrefs",7,51,0.15,2000,"Automatic",0.6000000000000001,"QR",0.55,,"CondorcetEfficiency",0.28846153846153844
"OppPrefs",7,51,0.15,2000,"Automatic",0.6000000000000001,"QR",0.55,,"CondorcetExistRate",0.572
"OppPrefs",7,51,0.15,2000,"Automatic",0.6000000000000001,"QR",0.55,,"MidScore",0.8993333333333333
"OppPrefs",7,51,0.15,2000,"Automatic",0.6000000000000001,"QR",0.6666666666666666,,"Top1Acceptability",0.060392156862744996
"OppPrefs",7,51,0.15,2000,"Automatic",0.6000000000000001,"QR",0.6666666666666666,,"Top2Acceptability",0.13191176470588212
"OppPrefs",7,51,0.15,2000,"Automatic",0.6000000000000001,"QR",0.6666666666666666,,"Gap",0.5377318510656011
"OppPrefs",7,51,0.15,2000,"Automatic",0.6000000000000001,"QR",0.6666666666666666,,"CondorcetEfficiency",0.16346153846153846
"OppPrefs",7,51,0.15,2000,"Automatic",0.6000000000000001,"QR",0.6666666666666666,,"CondorcetExistRate",0.572
"OppPrefs",7,51,0.15,2000,"Automatic",0.6000000000000001,"QR",0.6666666666666666,,"MidScore",0.975
"OppPrefs",7,51,0.15,2000,"Automatic",0.6000000000000001,"QR",0.8,,"Top1Acceptability",0.06605882352941166
"OppPrefs",7,51,0.15,2000,"Automatic",0.6000000000000001,"QR",0.8,,"Top2Acceptability",0.15199999999999972
"OppPrefs",7,51,0.15,2000,"Automatic",0.6000000000000001,"QR",0.8,,"Gap",0.5585936856199356
"OppPrefs",7,51,0.15,2000,"Automatic",0.6000000000000001,"QR",0.8,,"CondorcetEfficiency",0.2701048951048951
"OppPrefs",7,51,0.15,2000,"Automatic",0.6000000000000001,"QR",0.8,,"CondorcetExistRate",0.572
"OppPrefs",7,51,0.15,2000,"Automatic",0.6000000000000001,"QR",0.8,,"MidScore",0.8501666666666673
"OppPrefs",7,51,0.15,2000,"Automatic",0.6000000000000001,"QR",0.95,,"Top1Acceptability",0.08221568627450969
"OppPrefs",7,51,0.15,2000,"Automatic",0.6000000000000001,"QR",0.95,,"Top2Acceptability",0.20479411764705843
"OppPrefs",7,51,0.15,2000,"Automatic",0.6000000000000001,"QR",0.95,,"Gap",0.5843718129449544
"OppPrefs",7,51,0.15,2000,"Automatic",0.6000000000000001,"QR",0.95,,"CondorcetEfficiency",0.27884615384615385
"OppPrefs",7,51,0.15,2000,"Automatic",0.6000000000000001,"QR",0.95,,"CondorcetExistRate",0.572
"OppPrefs",7,51,0.15,2000,"Automatic",0.6000000000000001,"QR",0.95,,"MidScore",0.6856666666666668
"OppPrefs",7,51,0.15,2000,"Automatic",0.7000000000000001,"QR",0.55,,"Top1Acceptability",0.05882352941176461
"OppPrefs",7,51,0.15,2000,"Automatic",0.7000000000000001,"QR",0.55,,"Top2Acceptability",0.12533333333333313
"OppPrefs",7,51,0.15,2000,"Automatic",0.7000000000000001,"QR",0.55,,"Gap",0.5486782828706126
"OppPrefs",7,51,0.15,2000,"Automatic",0.7000000000000001,"QR",0.55,,"CondorcetEfficiency",0.22617901828681425
"OppPrefs",7,51,0.15,2000,"Automatic",0.7000000000000001,"QR",0.55,,"CondorcetExistRate",0.5195
"OppPrefs",7,51,0.15,2000,"Automatic",0.7000000000000001,"QR",0.55,,"MidScore",0.9358333333333333
"OppPrefs",7,51,0.15,2000,"Automatic",0.7000000000000001,"QR",0.6666666666666666,,"Top1Acceptability",0.04387254901960778
"OppPrefs",7,51,0.15,2000,"Automatic",0.7000000000000001,"QR",0.6666666666666666,,"Top2Acceptability",0.10040196078431354
"OppPrefs",7,51,0.15,2000,"Automatic",0.7000000000000001,"QR",0.6666666666666666,,"Gap",0.5554803946053947
"OppPrefs",7,51,0.15,2000,"Automatic",0.7000000000000001,"QR",0.6666666666666666,,"CondorcetEfficiency",0.13859480269489893
"OppPrefs",7,51,0.15,2000,"Automatic",0.7000000000000001,"QR",0.6666666666666666,,"CondorcetExistRate",0.5195
"OppPrefs",7,51,0.15,2000,"Automatic",0.7000000000000001,"QR",0.6666666666666666,,"MidScore",0.9908333333333335
"OppPrefs",7,51,0.15,2000,"Automatic",0.7000000000000001,"QR",0.8,,"Top1Acceptability",0.04856862745098032
"OppPrefs",7,51,0.15,2000,"Automatic",0.7000000000000001,"QR",0.8,,"Top2Acceptability",0.11848039215686254
"OppPrefs",7,51,0.15,2000,"Automatic",0.7000000000000001,"QR",0.8,,"Gap",0.5779737443112443
"OppPrefs",7,51,0.15,2000,"Automatic",0.7000000000000001,"QR",0.8,,"CondorcetEfficiency",0.24639076034648702
"OppPrefs",7,51,0.15,2000,"Automatic",0.7000000000000001,"QR",0.8,,"CondorcetExistRate",0.5195
"OppPrefs",7,51,0.15,2000,"Automatic",0.7000000000000001,"QR",0.8,,"MidScore",0.8845000000000005
"OppPrefs",7,51,0.15,2000,"Automatic",0.7000000000000001,"QR",0.95,,"Top1Acceptability",0.057078431372548935
"OppPrefs",7,51,0.15,2000,"Automatic",0.7000000000000001,"QR",0.95,,"Top2Acceptability",0.16083333333333308
"OppPrefs",7,51,0.15,2000,"Automatic",0.7000000000000001,"QR",0.95,,"Gap",0.6175561356112402
"OppPrefs",7,51,0.15,2000,"Automatic",0.7000000000000001,"QR",0.95,,"CondorcetEfficiency",0.2983638113570741
"OppPrefs",7,51,0.15,2000,"Automatic",0.7000000000000001,"QR",0.95,,"CondorcetExistRate",0.5195
"OppPrefs",7,51,0.15,2000,"Automatic",0.7000000000000001,"QR",0.95,,"MidScore",0.7408333333333337
"OppPrefs",7,51,0.15,2000,"Automatic",0.8,"QR",0.55,,"Top1Acceptability",0.03913725490196074
"OppPrefs",7,51,0.15,2000,"Automatic",0.8,"QR",0.55,,"Top2Acceptability",0.08849019607843123
"OppPrefs",7,51,0.15,2000,"Automatic",0.8,"QR",0.55,,"Gap",0.5710503793700242
"OppPrefs",7,51,0.15,2000,"Automatic",0.8,"QR",0.55,,"CondorcetEfficiency",0.16019900497512438
"OppPrefs",7,51,0.15,2000,"Automatic",0.8,"QR",0.55,,"CondorcetExistRate",0.5025
"OppPrefs",7,51,0.15,2000,"Automatic",0.8,"QR",0.55,,"MidScore",0.9676666666666668
"OppPrefs",7,51,0.15,2000,"Automatic",0.8,"QR",0.6666666666666666,,"Top1Acceptability",0.030705882352941142
"OppPrefs",7,51,0.15,2000,"Automatic",0.8,"QR",0.6666666666666666,,"Top2Acceptability",0.07431372549019596
"OppPrefs",7,51,0.15,2000,"Automatic",0.8,"QR",0.6666666666666666,,"Gap",0.5764498015873016
"OppPrefs",7,51,0.15,2000,"Automatic",0.8,"QR",0.6666666666666666,,"CondorcetEfficiency",0.11442786069651742
"OppPrefs",7,51,0.15,2000,"Automatic",0.8,"QR",0.6666666666666666,,"CondorcetExistRate",0.5025
"OppPrefs",7,51,0.15,2000,"Automatic",0.8,"QR",0.6666666666666666,,"MidScore",0.9973333333333334
"OppPrefs",7,51,0.15,2000,"Automatic",0.8,"QR",0.8,,"Top1Acceptability",0.0338725490196078
"OppPrefs",7,51,0.15,2000,"Automatic",0.8,"QR",0.8,,"Top2Acceptability",0.08703921568627437
"OppPrefs",7,51,0.15,2000,"Automatic",0.8,"QR",0.8,,"Gap",0.592818695193695
"OppPrefs",7,51,0.15,2000,"Automatic",0.8,"QR",0.8,,"CondorcetEfficiency",0.1791044776119403
"OppPrefs",7,51,0.15,2000,"Automatic",0.8,"QR",0.8,,"CondorcetExistRate",0.5025
"OppPrefs",7,51,0.15,2000,"Automatic",0.8,"QR",0.8,,"MidScore",0.9231666666666671
"OppPrefs",7,51,0.15,2000,"Automatic",0.8,"QR",0.95,,"Top1Acceptability",0.039509803921568575
"OppPrefs",7,51,0.15,2000,"Automatic",0.8,"QR",0.95,,"Top2Acceptability",0.12221568627450964
"OppPrefs",7,51,0.15,2000,"Automatic",0.8,"QR",0.95,,"Gap",0.636104439607688
"OppPrefs",7,51,0.15,2000,"Automatic",0.8,"QR",0.95,,"CondorcetEfficiency",0.24975124378109453
"OppPrefs",7,51,0.15,2000,"Automatic",0.8,"QR",0.95,,"CondorcetExistRate",0.5025
"OppPrefs",7,51,0.15,2000,"Automatic",0.8,"QR",0.95,,"MidScore",0.7903333333333338
"OppPrefs",7,51,0.15,2000,"Automatic",0.9,"QR",0.55,,"Top1Acceptability",0.017950980392156854
"OppPrefs",7,51,0.15,2000,"Automatic",0.9,"QR",0.55,,"Top2Acceptability",0.050470588235294045
"OppPrefs",7,51,0.15,2000,"Automatic",0.9,"QR",0.55,,"Gap",0.5912770159148419
"OppPrefs",7,51,0.15,2000,"Automatic",0.9,"QR",0.55,,"CondorcetEfficiency",0.15456674473067916
"OppPrefs",7,51,0.15,2000,"Automatic",0.9,"QR",0.55,,"CondorcetExistRate",0.427
"OppPrefs",7,51,0.15,2000,"Automatic",0.9,"QR",0.55,,"MidScore",0.9953333333333333
"OppPrefs",7,51,0.15,2000,"Automatic",0.9,"QR",0.6666666666666666,,"Top1Acceptability",0.01735294117647058
"OppPrefs",7,51,0.15,2000,"Automatic",0.9,"QR",0.6666666666666666,,"Top2Acceptability",0.04826470588235287
"OppPrefs",7,51,0.15,2000,"Automatic",0.9,"QR",0.6666666666666666,,"Gap",0.5898011904761904
"OppPrefs",7,51,0.15,2000,"Automatic",0.9,"QR",0.6666666666666666,,"CondorcetEfficiency",0.14402810304449648
"OppPrefs",7,51,0.15,2000,"Automatic",0.9,"QR",0.6666666666666666,,"CondorcetExistRate",0.427
"OppPrefs",7,51,0.15,2000,"Automatic",0.9,"QR",0.6666666666666666,,"MidScore",0.9993333333333333
"OppPrefs",7,51,0.15,2000,"Automatic",0.9,"QR",0.8,,"Top1Acceptability",0.01899019607843136
"OppPrefs",7,51,0.15,2000,"Automatic",0.9,"QR",0.8,,"Top2Acceptability",0.05533333333333325
"OppPrefs",7,51,0.15,2000,"Automatic",0.9,"QR",0.8,,"Gap",0.606188474025974
"OppPrefs",7,51,0.15,2000,"Automatic",0.9,"QR",0.8,,"CondorcetEfficiency",0.19672131147540983
"OppPrefs",7,51,0.15,2000,"Automatic",0.9,"QR",0.8,,"CondorcetExistRate",0.427
"OppPrefs",7,51,0.15,2000,"Automatic",0.9,"QR",0.8,,"MidScore",0.9636666666666669
"OppPrefs",7,51,0.15,2000,"Automatic",0.9,"QR",0.95,,"Top1Acceptability",0.023196078431372526
"OppPrefs",7,51,0.15,2000,"Automatic",0.9,"QR",0.95,,"Top2Acceptability",0.0767156862745097
"OppPrefs",7,51,0.15,2000,"Automatic",0.9,"QR",0.95,,"Gap",0.6399718066554151
"OppPrefs",7,51,0.15,2000,"Automatic",0.9,"QR",0.95,,"CondorcetEfficiency",0.24473067915690866
"OppPrefs",7,51,0.15,2000,"Automatic",0.9,"QR",0.95,,"CondorcetExistRate",0.427
"OppPrefs",7,51,0.15,2000,"Automatic",0.9,"QR",0.95,,"MidScore",0.864333333333334
"OppPrefs",7,51,0.15,2000,"Automatic",1,"QR",0.55,,"Top1Acceptability",0.002852941176470587
"OppPrefs",7,51,0.15,2000,"Automatic",1,"QR",0.55,,"Top2Acceptability",0.021352941176470568
"OppPrefs",7,51,0.15,2000,"Automatic",1,"QR",0.55,,"Gap",0.5765750000000001
"OppPrefs",7,51,0.15,2000,"Automatic",1,"QR",0.55,,"CondorcetEfficiency",0.028286189683860232
"OppPrefs",7,51,0.15,2000,"Automatic",1,"QR",0.55,,"CondorcetExistRate",0.601
"OppPrefs",7,51,0.15,2000,"Automatic",1,"QR",0.55,,"MidScore",0.9995
"OppPrefs",7,51,0.15,2000,"Automatic",1,"QR",0.6666666666666666,,"Top1Acceptability",0.0028431372549019597
"OppPrefs",7,51,0.15,2000,"Automatic",1,"QR",0.6666666666666666,,"Top2Acceptability",0.02131372549019606
"OppPrefs",7,51,0.15,2000,"Automatic",1,"QR",0.6666666666666666,,"Gap",0.5762416666666667
"OppPrefs",7,51,0.15,2000,"Automatic",1,"QR",0.6666666666666666,,"CondorcetEfficiency",0.028286189683860232
"OppPrefs",7,51,0.15,2000,"Automatic",1,"QR",0.6666666666666666,,"CondorcetExistRate",0.601
"OppPrefs",7,51,0.15,2000,"Automatic",1,"QR",0.6666666666666666,,"MidScore",0.9996666666666667
"OppPrefs",7,51,0.15,2000,"Automatic",1,"QR",0.8,,"Top1Acceptability",0.0031274509803921554
"OppPrefs",7,51,0.15,2000,"Automatic",1,"QR",0.8,,"Top2Acceptability",0.023460784313725468
"OppPrefs",7,51,0.15,2000,"Automatic",1,"QR",0.8,,"Gap",0.5901273809523809
"OppPrefs",7,51,0.15,2000,"Automatic",1,"QR",0.8,,"CondorcetEfficiency",0.03577371048252912
"OppPrefs",7,51,0.15,2000,"Automatic",1,"QR",0.8,,"CondorcetExistRate",0.601
"OppPrefs",7,51,0.15,2000,"Automatic",1,"QR",0.8,,"MidScore",0.9876666666666667
"OppPrefs",7,51,0.15,2000,"Automatic",1,"QR",0.95,,"Top1Acceptability",0.004294117647058822
"OppPrefs",7,51,0.15,2000,"Automatic",1,"QR",0.95,,"Top2Acceptability",0.03281372549019605
"OppPrefs",7,51,0.15,2000,"Automatic",1,"QR",0.95,,"Gap",0.6349935254803676
"OppPrefs",7,51,0.15,2000,"Automatic",1,"QR",0.95,,"CondorcetEfficiency",0.06405990016638935
"OppPrefs",7,51,0.15,2000,"Automatic",1,"QR",0.95,,"CondorcetExistRate",0.601
"OppPrefs",7,51,0.15,2000,"Automatic",1,"QR",0.95,,"MidScore",0.9313333333333337
"OppPrefs",7,51,0.15,2000,"Automatic",0,"SDM",,1.15200309344505,"Top1Acceptability",0.18422549019607806
"OppPrefs",7,51,0.15,2000,"Automatic",0,"SDM",,1.15200309344505,"Top2Acceptability",0.3582941176470586
"OppPrefs",7,51,0.15,2000,"Automatic",0,"SDM",,1.15200309344505,"Gap",0.48489714455538924
"OppPrefs",7,51,0.15,2000,"Automatic",0,"SDM",,1.15200309344505,"CondorcetEfficiency",0.83515625
"OppPrefs",7,51,0.15,2000,"Automatic",0,"SDM",,1.15200309344505,"CondorcetExistRate",0.64
"OppPrefs",7,51,0.15,2000,"Automatic",0,"SDM",,1.15200309344505,"MidScore",0.42866666666666664
"OppPrefs",7,51,0.15,2000,"Automatic",0,"SDM",,1.584962500721156,"Top1Acceptability",0.1774509803921565
"OppPrefs",7,51,0.15,2000,"Automatic",0,"SDM",,1.584962500721156,"Top2Acceptability",0.3521764705882351
"OppPrefs",7,51,0.15,2000,"Automatic",0,"SDM",,1.584962500721156,"Gap",0.4961983485595595
"OppPrefs",7,51,0.15,2000,"Automatic",0,"SDM",,1.584962500721156,"CondorcetEfficiency",0.80390625
"OppPrefs",7,51,0.15,2000,"Automatic",0,"SDM",,1.584962500721156,"CondorcetExistRate",0.64
"OppPrefs",7,51,0.15,2000,"Automatic",0,"SDM",,1.584962500721156,"MidScore",0.43366666666666664
"OppPrefs",7,51,0.15,2000,"Automatic",0,"SDM",,2.3219280948873626,"Top1Acceptability",0.1710490196078428
"OppPrefs",7,51,0.15,2000,"Automatic",0,"SDM",,2.3219280948873626,"Top2Acceptability",0.3426960784313723
"OppPrefs",7,51,0.15,2000,"Automatic",0,"SDM",,2.3219280948873626,"Gap",0.5014594147420721
"OppPrefs",7,51,0.15,2000,"Automatic",0,"SDM",,2.3219280948873626,"CondorcetEfficiency",0.7421875
"OppPrefs",7,51,0.15,2000,"Automatic",0,"SDM",,2.3219280948873626,"CondorcetExistRate",0.64
"OppPrefs",7,51,0.15,2000,"Automatic",0,"SDM",,2.3219280948873626,"MidScore",0.43416666666666665
"OppPrefs",7,51,0.15,2000,"Automatic",0,"SDM",,4.321928094887361,"Top1Acceptability",0.1629019607843134
"OppPrefs",7,51,0.15,2000,"Automatic",0,"SDM",,4.321928094887361,"Top2Acceptability",0.3264803921568625
"OppPrefs",7,51,0.15,2000,"Automatic",0,"SDM",,4.321928094887361,"Gap",0.5013967879121185
"OppPrefs",7,51,0.15,2000,"Automatic",0,"SDM",,4.321928094887361,"CondorcetEfficiency",0.6
"OppPrefs",7,51,0.15,2000,"Automatic",0,"SDM",,4.321928094887361,"CondorcetExistRate",0.64
"OppPrefs",7,51,0.15,2000,"Automatic",0,"SDM",,4.321928094887361,"MidScore",0.43216666666666664
"OppPrefs",7,51,0.15,2000,"Automatic",0.1,"SDM",,1.15200309344505,"Top1Acceptability",0.18253921568627415
"OppPrefs",7,51,0.15,2000,"Automatic",0.1,"SDM",,1.15200309344505,"Top2Acceptability",0.35414705882352915
"OppPrefs",7,51,0.15,2000,"Automatic",0.1,"SDM",,1.15200309344505,"Gap",0.48318829059576923
"OppPrefs",7,51,0.15,2000,"Automatic",0.1,"SDM",,1.15200309344505,"CondorcetEfficiency",0.8467552775605942
"OppPrefs",7,51,0.15,2000,"Automatic",0.1,"SDM",,1.15200309344505,"CondorcetExistRate",0.6395
"OppPrefs",7,51,0.15,2000,"Automatic",0.1,"SDM",,1.15200309344505,"MidScore",0.4611666666666666
"OppPrefs",7,51,0.15,2000,"Automatic",0.1,"SDM",,1.584962500721156,"Top1Acceptability",0.17461764705882318
"OppPrefs",7,51,0.15,2000,"Automatic",0.1,"SDM",,1.584962500721156,"Top2Acceptability",0.3458627450980389
"OppPrefs",7,51,0.15,2000,"Automatic",0.1,"SDM",,1.584962500721156,"Gap",0.4944166727165948
"OppPrefs",7,51,0.15,2000,"Automatic",0.1,"SDM",,1.584962500721156,"CondorcetEfficiency",0.7943706020328382
"OppPrefs",7,51,0.15,2000,"Automatic",0.1,"SDM",,1.584962500721156,"CondorcetExistRate",0.6395
"OppPrefs",7,51,0.15,2000,"Automatic",0.1,"SDM",,1.584962500721156,"MidScore",0.49283333333333335
"OppPrefs",7,51,0.15,2000,"Automatic",0.1,"SDM",,2.3219280948873626,"Top1Acceptability",0.16538235294117615
"OppPrefs",7,51,0.15,2000,"Automatic",0.1,"SDM",,2.3219280948873626,"Top2Acceptability",0.3324705882352938
"OppPrefs",7,51,0.15,2000,"Automatic",0.1,"SDM",,2.3219280948873626,"Gap",0.5024324236018278
"OppPrefs",7,51,0.15,2000,"Automatic",0.1,"SDM",,2.3219280948873626,"CondorcetEfficiency",0.7193119624706802
"OppPrefs",7,51,0.15,2000,"Automatic",0.1,"SDM",,2.3219280948873626,"CondorcetExistRate",0.6395
"OppPrefs",7,51,0.15,2000,"Automatic",0.1,"SDM",,2.3219280948873626,"MidScore",0.5311666666666667
"OppPrefs",7,51,0.15,2000,"Automatic",0.1,"SDM",,4.321928094887361,"Top1Acceptability",0.1551078431372546
"OppPrefs",7,51,0.15,2000,"Automatic",0.1,"SDM",,4.321928094887361,"Top2Acceptability",0.3139901960784311
"OppPrefs",7,51,0.15,2000,"Automatic",0.1,"SDM",,4.321928094887361,"Gap",0.5055092396158829
"OppPrefs",7,51,0.15,2000,"Automatic",0.1,"SDM",,4.321928094887361,"CondorcetEfficiency",0.5738858483189992
"OppPrefs",7,51,0.15,2000,"Automatic",0.1,"SDM",,4.321928094887361,"CondorcetExistRate",0.6395
"OppPrefs",7,51,0.15,2000,"Automatic",0.1,"SDM",,4.321928094887361,"MidScore",0.5786666666666667
"OppPrefs",7,51,0.15,2000,"Automatic",0.2,"SDM",,1.15200309344505,"Top1Acceptability",0.17912745098039182
"OppPrefs",7,51,0.15,2000,"Automatic",0.2,"SDM",,1.15200309344505,"Top2Acceptability",0.34885294117647037
"OppPrefs",7,51,0.15,2000,"Automatic",0.2,"SDM",,1.15200309344505,"Gap",0.4864826829338963
"OppPrefs",7,51,0.15,2000,"Automatic",0.2,"SDM",,1.15200309344505,"CondorcetEfficiency",0.835820895522388
"OppPrefs",7,51,0.15,2000,"Automatic",0.2,"SDM",,1.15200309344505,"CondorcetExistRate",0.603
"OppPrefs",7,51,0.15,2000,"Automatic",0.2,"SDM",,1.15200309344505,"MidScore",0.4606666666666666
"OppPrefs",7,51,0.15,2000,"Automatic",0.2,"SDM",,1.584962500721156,"Top1Acceptability",0.16361764705882323
"OppPrefs",7,51,0.15,2000,"Automatic",0.2,"SDM",,1.584962500721156,"Top2Acceptability",0.3323333333333331
"OppPrefs",7,51,0.15,2000,"Automatic",0.2,"SDM",,1.584962500721156,"Gap",0.5079376307980413
"OppPrefs",7,51,0.15,2000,"Automatic",0.2,"SDM",,1.584962500721156,"CondorcetEfficiency",0.7470978441127695
"OppPrefs",7,51,0.15,2000,"Automatic",0.2,"SDM",,1.584962500721156,"CondorcetExistRate",0.603
"OppPrefs",7,51,0.15,2000,"Automatic",0.2,"SDM",,1.584962500721156,"MidScore",0.5435
"OppPrefs",7,51,0.15,2000,"Automatic",0.2,"SDM",,2.3219280948873626,"Top1Acceptability",0.1502450980392154
"OppPrefs",7,51,0.15,2000,"Automatic",0.2,"SDM",,2.3219280948873626,"Top2Acceptability",0.31225490196078404
"OppPrefs",7,51,0.15,2000,"Automatic",0.2,"SDM",,2.3219280948873626,"Gap",0.5180073093702431
"OppPrefs",7,51,0.15,2000,"Automatic",0.2,"SDM",,2.3219280948873626,"CondorcetEfficiency",0.6417910447761194
"OppPrefs",7,51,0.15,2000,"Automatic",0.2,"SDM",,2.3219280948873626,"CondorcetExistRate",0.603
"OppPrefs",7,51,0.15,2000,"Automatic",0.2,"SDM",,2.3219280948873626,"MidScore",0.6196666666666666
"OppPrefs",7,51,0.15,2000,"Automatic",0.2,"SDM",,4.321928094887361,"Top1Acceptability",0.13665686274509778
"OppPrefs",7,51,0.15,2000,"Automatic",0.2,"SDM",,4.321928094887361,"Top2Acceptability",0.28867647058823503
"OppPrefs",7,51,0.15,2000,"Automatic",0.2,"SDM",,4.321928094887361,"Gap",0.5239774947553265
"OppPrefs",7,51,0.15,2000,"Automatic",0.2,"SDM",,4.321928094887361,"CondorcetEfficiency",0.478441127694859
"OppPrefs",7,51,0.15,2000,"Automatic",0.2,"SDM",,4.321928094887361,"CondorcetExistRate",0.603
"OppPrefs",7,51,0.15,2000,"Automatic",0.2,"SDM",,4.321928094887361,"MidScore",0.6850000000000002
"OppPrefs",7,51,0.15,2000,"Automatic",0.30000000000000004,"SDM",,1.15200309344505,"Top1Acceptability",0.17171568627450953
"OppPrefs",7,51,0.15,2000,"Automatic",0.30000000000000004,"SDM",,1.15200309344505,"Top2Acceptability",0.34288235294117625
"OppPrefs",7,51,0.15,2000,"Automatic",0.30000000000000004,"SDM",,1.15200309344505,"Gap",0.5012483532602766
"OppPrefs",7,51,0.15,2000,"Automatic",0.30000000000000004,"SDM",,1.15200309344505,"CondorcetEfficiency",0.8248113998323554
"OppPrefs",7,51,0.15,2000,"Automatic",0.30000000000000004,"SDM",,1.15200309344505,"CondorcetExistRate",0.5965
"OppPrefs",7,51,0.15,2000,"Automatic",0.30000000000000004,"SDM",,1.15200309344505,"MidScore",0.4791666666666667
"OppPrefs",7,51,0.15,2000,"Automatic",0.30000000000000004,"SDM",,1.584962500721156,"Top1Acceptability",0.14685294117647033
"OppPrefs",7,51,0.15,2000,"Automatic",0.30000000000000004,"SDM",,1.584962500721156,"Top2Acceptability",0.3125784313725487
"OppPrefs",7,51,0.15,2000,"Automatic",0.30000000000000004,"SDM",,1.584962500721156,"Gap",0.5284663676198657
"OppPrefs",7,51,0.15,2000,"Automatic",0.30000000000000004,"SDM",,1.584962500721156,"CondorcetEfficiency",0.7015926236378877
"OppPrefs",7,51,0.15,2000,"Automatic",0.30000000000000004,"SDM",,1.584962500721156,"CondorcetExistRate",0.5965
"OppPrefs",7,51,0.15,2000,"Automatic",0.30000000000000004,"SDM",,1.584962500721156,"MidScore",0.5996666666666668
"OppPrefs",7,51,0.15,2000,"Automatic",0.30000000000000004,"SDM",,2.3219280948873626,"Top1Acceptability",0.12912745098039194
"OppPrefs",7,51,0.15,2000,"Automatic",0.30000000000000004,"SDM",,2.3219280948873626,"Top2Acceptability",0.28270588235294075
"OppPrefs",7,51,0.15,2000,"Automatic",0.30000000000000004,"SDM",,2.3219280948873626,"Gap",0.5382897584443473
"OppPrefs",7,51,0.15,2000,"Automatic",0.30000000000000004,"SDM",,2.3219280948873626,"CondorcetEfficiency",0.5549036043587594
"OppPrefs",7,51,0.15,2000,"Automatic",0.30000000000000004,"SDM",,2.3219280948873626,"CondorcetExistRate",0.5965
"OppPrefs",7,51,0.15,2000,"Automatic",0.30000000000000004,"SDM",,2.3219280948873626,"MidScore",0.6930000000000001
"OppPrefs",7,51,0.15,2000,"Automatic",0.30000000000000004,"SDM",,4.321928094887361,"Top1Acceptability",0.11706862745098019
"OppPrefs",7,51,0.15,2000,"Automatic",0.30000000000000004,"SDM",,4.321928094887361,"Top2Acceptability",0.2576372549019603
"OppPrefs",7,51,0.15,2000,"Automatic",0.30000000000000004,"SDM",,4.321928094887361,"Gap",0.5383402615191153
"OppPrefs",7,51,0.15,2000,"Automatic",0.30000000000000004,"SDM",,4.321928094887361,"CondorcetEfficiency",0.41408214585079633
"OppPrefs",7,51,0.15,2000,"Automatic",0.30000000000000004,"SDM",,4.321928094887361,"CondorcetExistRate",0.5965
"OppPrefs",7,51,0.15,2000,"Automatic",0.30000000000000004,"SDM",,4.321928094887361,"MidScore",0.7468333333333336
"OppPrefs",7,51,0.15,2000,"Automatic",0.4,"SDM",,1.15200309344505,"Top1Acceptability",0.16124509803921547
"OppPrefs",7,51,0.15,2000,"Automatic",0.4,"SDM",,1.15200309344505,"Top2Acceptability",0.32511764705882323
"OppPrefs",7,51,0.15,2000,"Automatic",0.4,"SDM",,1.15200309344505,"Gap",0.5063101698612605
"OppPrefs",7,51,0.15,2000,"Automatic",0.4,"SDM",,1.15200309344505,"CondorcetEfficiency",0.8171953255425709
"OppPrefs",7,51,0.15,2000,"Automatic",0.4,"SDM",,1.15200309344505,"CondorcetExistRate",0.599
"OppPrefs",7,51,0.15,2000,"Automatic",0.4,"SDM",,1.15200309344505,"MidScore",0.5134999999999998
"OppPrefs",7,51,0.15,2000,"Automatic",0.4,"SDM",,1.584962500721156,"Top1Acceptability",0.12934313725490176
"OppPrefs",7,51,0.15,2000,"Automatic",0.4,"SDM",,1.584962500721156,"Top2Acceptability",0.28249999999999964
"OppPrefs",7,51,0.15,2000,"Automatic",0.4,"SDM",,1.584962500721156,"Gap",0.5365826132197833
"OppPrefs",7,51,0.15,2000,"Automatic",0.4,"SDM",,1.584962500721156,"CondorcetEfficiency",0.6469115191986644
"OppPrefs",7,51,0.15,2000,"Automatic",0.4,"SDM",,1.584962500721156,"CondorcetExistRate",0.599
"OppPrefs",7,51,0.15,2000,"Automatic",0.4,"SDM",,1.584962500721156,"MidScore",0.6538333333333335
"OppPrefs",7,51,0.15,2000,"Automatic",0.4,"SDM",,2.3219280948873626,"Top1Acceptability",0.11098039215686256
"OppPrefs",7,51,0.15,2000,"Automatic",0.4,"SDM",,2.3219280948873626,"Top2Acceptability",0.24624509803921524
"OppPrefs",7,51,0.15,2000,"Automatic",0.4,"SDM",,2.3219280948873626,"Gap",0.5408594155203541
"OppPrefs",7,51,0.15,2000,"Automatic",0.4,"SDM",,2.3219280948873626,"CondorcetEfficiency",0.5
"OppPrefs",7,51,0.15,2000,"Automatic",0.4,"SDM",,2.3219280948873626,"CondorcetExistRate",0.599
"OppPrefs",7,51,0.15,2000,"Automatic",0.4,"SDM",,2.3219280948873626,"MidScore",0.7468333333333337
"OppPrefs",7,51,0.15,2000,"Automatic",0.4,"SDM",,4.321928094887361,"Top1Acceptability",0.1025980392156861
"OppPrefs",7,51,0.15,2000,"Automatic",0.4,"SDM",,4.321928094887361,"Top2Acceptability",0.22430392156862705
"OppPrefs",7,51,0.15,2000,"Automatic",0.4,"SDM",,4.321928094887361,"Gap",0.5371549673367344
"OppPrefs",7,51,0.15,2000,"Automatic",0.4,"SDM",,4.321928094887361,"CondorcetEfficiency",0.39232053422370616
"OppPrefs",7,51,0.15,2000,"Automatic",0.4,"SDM",,4.321928094887361,"CondorcetExistRate",0.599
"OppPrefs",7,51,0.15,2000,"Automatic",0.4,"SDM",,4.321928094887361,"MidScore",0.7896666666666672
"OppPrefs",7,51,0.15,2000,"Automatic",0.5,"SDM",,1.15200309344505,"Top1Acceptability",0.13891176470588218
"OppPrefs",7,51,0.15,2000,"Automatic",0.5,"SDM",,1.15200309344505,"Top2Acceptability",0.3034607843137252
"OppPrefs",7,51,0.15,2000,"Automatic",0.5,"SDM",,1.15200309344505,"Gap",0.5435127916302143
"OppPrefs",7,51,0.15,2000,"Automatic",0.5,"SDM",,1.15200309344505,"CondorcetEfficiency",0.7928007023705005
"OppPrefs",7,51,0.15,2000,"Automatic",0.5,"SDM",,1.15200309344505,"CondorcetExistRate",0.5695
"OppPrefs",7,51,0.15,2000,"Automatic",0.5,"SDM",,1.15200309344505,"MidScore",0.5571666666666666
"OppPrefs",7,51,0.15,2000,"Automatic",0.5,"SDM",,1.584962500721156,"Top1Acceptability",0.10162745098039198
"OppPrefs",7,51,0.15,2000,"Automatic",0.5,"SDM",,1.584962500721156,"Top2Acceptability",0.2428137254901956
"OppPrefs",7,51,0.15,2000,"Automatic",0.5,"SDM",,1.584962500721156,"Gap",0.5667496164864576
"OppPrefs",7,51,0.15,2000,"Automatic",0.5,"SDM",,1.584962500721156,"CondorcetEfficiency",0.5733099209833187
"OppPrefs",7,51,0.15,2000,"Automatic",0.5,"SDM",,1.584962500721156,"CondorcetExistRate",0.5695
"OppPrefs",7,51,0.15,2000,"Automatic",0.5,"SDM",,1.584962500721156,"MidScore",0.7128333333333337
"OppPrefs",7,51,0.15,2000,"Automatic",0.5,"SDM",,2.3219280948873626,"Top1Acceptability",0.0890196078431371
"OppPrefs",7,51,0.15,2000,"Automatic",0.5,"SDM",,2.3219280948873626,"Top2Acceptability",0.2059999999999996
"OppPrefs",7,51,0.15,2000,"Automatic",0.5,"SDM",,2.3219280948873626,"Gap",0.5557899162420314
"OppPrefs",7,51,0.15,2000,"Automatic",0.5,"SDM",,2.3219280948873626,"CondorcetEfficiency",0.4354697102721686
"OppPrefs",7,51,0.15,2000,"Automatic",0.5,"SDM",,2.3219280948873626,"CondorcetExistRate",0.5695
"OppPrefs",7,51,0.15,2000,"Automatic",0.5,"SDM",,2.3219280948873626,"MidScore",0.7933333333333337
"OppPrefs",7,51,0.15,2000,"Automatic",0.5,"SDM",,4.321928094887361,"Top1Acceptability",0.0820098039215685
"OppPrefs",7,51,0.15,2000,"Automatic",0.5,"SDM",,4.321928094887361,"Top2Acceptability",0.18535294117647022
"OppPrefs",7,51,0.15,2000,"Automatic",0.5,"SDM",,4.321928094887361,"Gap",0.5503708436777734
"OppPrefs",7,51,0.15,2000,"Automatic",0.5,"SDM",,4.321928094887361,"CondorcetEfficiency",0.33801580333625986
"OppPrefs",7,51,0.15,2000,"Automatic",0.5,"SDM",,4.321928094887361,"CondorcetExistRate",0.5695
"OppPrefs",7,51,0.15,2000,"Automatic",0.5,"SDM",,4.321928094887361,"MidScore",0.8285000000000005
"OppPrefs",7,51,0.15,2000,"Automatic",0.6000000000000001,"SDM",,1.15200309344505,"Top1Acceptability",0.12990196078431357
"OppPrefs",7,51,0.15,2000,"Automatic",0.6000000000000001,"SDM",,1.15200309344505,"Top2Acceptability",0.2870392156862741
"OppPrefs",7,51,0.15,2000,"Automatic",0.6000000000000001,"SDM",,1.15200309344505,"Gap",0.5521707566426322
"OppPrefs",7,51,0.15,2000,"Automatic",0.6000000000000001,"SDM",,1.15200309344505,"CondorcetEfficiency",0.7342657342657343
"OppPrefs",7,51,0.15,2000,"Automatic",0.6000000000000001,"SDM",,1.15200309344505,"CondorcetExistRate",0.572
"OppPrefs",7,51,0.15,2000,"Automatic",0.6000000000000001,"SDM",,1.15200309344505,"MidScore",0.5668333333333333
"OppPrefs",7,51,0.15,2000,"Automatic",0.6000000000000001,"SDM",,1.584962500721156,"Top1Acceptability",0.08256862745098024
"OppPrefs",7,51,0.15,2000,"Automatic",0.6000000000000001,"SDM",,1.584962500721156,"Top2Acceptability",0.20690196078431333
"OppPrefs",7,51,0.15,2000,"Automatic",0.6000000000000001,"SDM",,1.584962500721156,"Gap",0.5781755016703669
"OppPrefs",7,51,0.15,2000,"Automatic",0.6000000000000001,"SDM",,1.584962500721156,"CondorcetEfficiency",0.47115384615384615
"OppPrefs",7,51,0.15,2000,"Automatic",0.6000000000000001,"SDM",,1.584962500721156,"CondorcetExistRate",0.572
"OppPrefs",7,51,0.15,2000,"Automatic",0.6000000000000001,"SDM",,1.584962500721156,"MidScore",0.7473333333333337
"OppPrefs",7,51,0.15,2000,"Automatic",0.6000000000000001,"SDM",,2.3219280948873626,"Top1Acceptability",0.07119607843137243
"OppPrefs",7,51,0.15,2000,"Automatic",0.6000000000000001,"SDM",,2.3219280948873626,"Top2Acceptability",0.16934313725490166
"OppPrefs",7,51,0.15,2000,"Automatic",0.6000000000000001,"SDM",,2.3219280948873626,"Gap",0.5686009362432847
"OppPrefs",7,51,0.15,2000,"Automatic",0.6000000000000001,"SDM",,2.3219280948873626,"CondorcetEfficiency",0.354020979020979
"OppPrefs",7,51,0.15,2000,"Automatic",0.6000000000000001,"SDM",,2.3219280948873626,"CondorcetExistRate",0.572
"OppPrefs",7,51,0.15,2000,"Automatic",0.6000000000000001,"SDM",,2.3219280948873626,"MidScore",0.8210000000000005
"OppPrefs",7,51,0.15,2000,"Automatic",0.6000000000000001,"SDM",,4.321928094887361,"Top1Acceptability",0.06735294117647046
"OppPrefs",7,51,0.15,2000,"Automatic",0.6000000000000001,"SDM",,4.321928094887361,"Top2Acceptability",0.15502941176470558
"OppPrefs",7,51,0.15,2000,"Automatic",0.6000000000000001,"SDM",,4.321928094887361,"Gap",0.5580522553835054
"OppPrefs",7,51,0.15,2000,"Automatic",0.6000000000000001,"SDM",,4.321928094887361,"CondorcetEfficiency",0.28846153846153844
"OppPrefs",7,51,0.15,2000,"Automatic",0.6000000000000001,"SDM",,4.321928094887361,"CondorcetExistRate",0.572
"OppPrefs",7,51,0.15,2000,"Automatic",0.6000000000000001,"SDM",,4.321928094887361,"MidScore",0.8511666666666672
"OppPrefs",7,51,0.15,2000,"Automatic",0.7000000000000001,"SDM",,1.15200309344505,"Top1Acceptability",0.10535294117647047
"OppPrefs",7,51,0.15,2000,"Automatic",0.7000000000000001,"SDM",,1.15200309344505,"Top2Acceptability",0.25381372549019565
"OppPrefs",7,51,0.15,2000,"Automatic",0.7000000000000001,"SDM",,1.15200309344505,"Gap",0.58292835772296
"OppPrefs",7,51,0.15,2000,"Automatic",0.7000000000000001,"SDM",,1.15200309344505,"CondorcetEfficiency",0.6948989412897016
"OppPrefs",7,51,0.15,2000,"Automatic",0.7000000000000001,"SDM",,1.15200309344505,"CondorcetExistRate",0.5195
"OppPrefs",7,51,0.15,2000,"Automatic",0.7000000000000001,"SDM",,1.15200309344505,"MidScore",0.604
"OppPrefs",7,51,0.15,2000,"Automatic",0.7000000000000001,"SDM",,1.584962500721156,"Top1Acceptability",0.062205882352941076
"OppPrefs",7,51,0.15,2000,"Automatic",0.7000000000000001,"SDM",,1.584962500721156,"Top2Acceptability",0.16475490196078402
"OppPrefs",7,51,0.15,2000,"Automatic",0.7000000000000001,"SDM",,1.584962500721156,"Gap",0.5993353721499854
"OppPrefs",7,51,0.15,2000,"Automatic",0.7000000000000001,"SDM",,1.584962500721156,"CondorcetEfficiency",0.43695861405197306
"OppPrefs",7,51,0.15,2000,"Automatic",0.7000000000000001,"SDM",,1.584962500721156,"CondorcetExistRate",0.5195
"OppPrefs",7,51,0.15,2000,"Automatic",0.7000000000000001,"SDM",,1.584962500721156,"MidScore",0.7733333333333338
"OppPrefs",7,51,0.15,2000,"Automatic",0.7000000000000001,"SDM",,2.3219280948873626,"Top1Acceptability",0.053499999999999916
"OppPrefs",7,51,0.15,2000,"Automatic",0.7000000000000001,"SDM",,2.3219280948873626,"Top2Acceptability",0.1321764705882351
"OppPrefs",7,51,0.15,2000,"Automatic",0.7000000000000001,"SDM",,2.3219280948873626,"Gap",0.5846149051431659
"OppPrefs",7,51,0.15,2000,"Automatic",0.7000000000000001,"SDM",,2.3219280948873626,"CondorcetEfficiency",0.329162656400385
"OppPrefs",7,51,0.15,2000,"Automatic",0.7000000000000001,"SDM",,2.3219280948873626,"CondorcetExistRate",0.5195
"OppPrefs",7,51,0.15,2000,"Automatic",0.7000000000000001,"SDM",,2.3219280948873626,"MidScore",0.8465000000000006
"OppPrefs",7,51,0.15,2000,"Automatic",0.7000000000000001,"SDM",,4.321928094887361,"Top1Acceptability",0.050784313725490124
"OppPrefs",7,51,0.15,2000,"Automatic",0.7000000000000001,"SDM",,4.321928094887361,"Top2Acceptability",0.12344117647058801
"OppPrefs",7,51,0.15,2000,"Automatic",0.7000000000000001,"SDM",,4.321928094887361,"Gap",0.5782778485403485
"OppPrefs",7,51,0.15,2000,"Automatic",0.7000000000000001,"SDM",,4.321928094887361,"CondorcetEfficiency",0.2906641000962464
"OppPrefs",7,51,0.15,2000,"Automatic",0.7000000000000001,"SDM",,4.321928094887361,"CondorcetExistRate",0.5195
"OppPrefs",7,51,0.15,2000,"Automatic",0.7000000000000001,"SDM",,4.321928094887361,"MidScore",0.8720000000000004
"OppPrefs",7,51,0.15,2000,"Automatic",0.8,"SDM",,1.15200309344505,"Top1Acceptability",0.07909803921568616
"OppPrefs",7,51,0.15,2000,"Automatic",0.8,"SDM",,1.15200309344505,"Top2Acceptability",0.22016666666666632
"OppPrefs",7,51,0.15,2000,"Automatic",0.8,"SDM",,1.15200309344505,"Gap",0.6232741825926212
"OppPrefs",7,51,0.15,2000,"Automatic",0.8,"SDM",,1.15200309344505,"CondorcetEfficiency",0.6238805970149254
"OppPrefs",7,51,0.15,2000,"Automatic",0.8,"SDM",,1.15200309344505,"CondorcetExistRate",0.5025
"OppPrefs",7,51,0.15,2000,"Automatic",0.8,"SDM",,1.15200309344505,"MidScore",0.6458333333333335
"OppPrefs",7,51,0.15,2000,"Automatic",0.8,"SDM",,1.584962500721156,"Top1Acceptability",0.045235294117646985
"OppPrefs",7,51,0.15,2000,"Automatic",0.8,"SDM",,1.584962500721156,"Top2Acceptability",0.12815686274509783
"OppPrefs",7,51,0.15,2000,"Automatic",0.8,"SDM",,1.584962500721156,"Gap",0.6111736441281406
"OppPrefs",7,51,0.15,2000,"Automatic",0.8,"SDM",,1.584962500721156,"CondorcetEfficiency",0.37711442786069654
"OppPrefs",7,51,0.15,2000,"Automatic",0.8,"SDM",,1.584962500721156,"CondorcetExistRate",0.5025
"OppPrefs",7,51,0.15,2000,"Automatic",0.8,"SDM",,1.584962500721156,"MidScore",0.8096666666666672
"OppPrefs",7,51,0.15,2000,"Automatic",0.8,"SDM",,2.3219280948873626,"Top1Acceptability",0.03881372549019602
"OppPrefs",7,51,0.15,2000,"Automatic",0.8,"SDM",,2.3219280948873626,"Top2Acceptability",0.10269607843137238
"OppPrefs",7,51,0.15,2000,"Automatic",0.8,"SDM",,2.3219280948873626,"Gap",0.5980084442127919
"OppPrefs",7,51,0.15,2000,"Automatic",0.8,"SDM",,2.3219280948873626,"CondorcetEfficiency",0.28756218905472636
"OppPrefs",7,51,0.15,2000,"Automatic",0.8,"SDM",,2.3219280948873626,"CondorcetExistRate",0.5025
"OppPrefs",7,51,0.15,2000,"Automatic",0.8,"SDM",,2.3219280948873626,"MidScore",0.8736666666666671
"OppPrefs",7,51,0.15,2000,"Automatic",0.8,"SDM",,4.321928094887361,"Top1Acceptability",0.035656862745097995
"OppPrefs",7,51,0.15,2000,"Automatic",0.8,"SDM",,4.321928094887361,"Top2Acceptability",0.09242156862745082
"OppPrefs",7,51,0.15,2000,"Automatic",0.8,"SDM",,4.321928094887361,"Gap",0.5932921717171716
"OppPrefs",7,51,0.15,2000,"Automatic",0.8,"SDM",,4.321928094887361,"CondorcetEfficiency",0.2308457711442786
"OppPrefs",7,51,0.15,2000,"Automatic",0.8,"SDM",,4.321928094887361,"CondorcetExistRate",0.5025
"OppPrefs",7,51,0.15,2000,"Automatic",0.8,"SDM",,4.321928094887361,"MidScore",0.9051666666666671
"OppPrefs",7,51,0.15,2000,"Automatic",0.9,"SDM",,1.15200309344505,"Top1Acceptability",0.04433333333333327
"OppPrefs",7,51,0.15,2000,"Automatic",0.9,"SDM",,1.15200309344505,"Top2Acceptability",0.1635098039215684
"OppPrefs",7,51,0.15,2000,"Automatic",0.9,"SDM",,1.15200309344505,"Gap",0.681868489440892
"OppPrefs",7,51,0.15,2000,"Automatic",0.9,"SDM",,1.15200309344505,"CondorcetEfficiency",0.5644028103044496
"OppPrefs",7,51,0.15,2000,"Automatic",0.9,"SDM",,1.15200309344505,"CondorcetExistRate",0.427
"OppPrefs",7,51,0.15,2000,"Automatic",0.9,"SDM",,1.15200309344505,"MidScore",0.7153333333333335
"OppPrefs",7,51,0.15,2000,"Automatic",0.9,"SDM",,1.584962500721156,"Top1Acceptability",0.025784313725490168
"OppPrefs",7,51,0.15,2000,"Automatic",0.9,"SDM",,1.584962500721156,"Top2Acceptability",0.08467647058823517
"OppPrefs",7,51,0.15,2000,"Automatic",0.9,"SDM",,1.584962500721156,"Gap",0.6624151370328544
"OppPrefs",7,51,0.15,2000,"Automatic",0.9,"SDM",,1.584962500721156,"CondorcetEfficiency",0.3711943793911007
"OppPrefs",7,51,0.15,2000,"Automatic",0.9,"SDM",,1.584962500721156,"CondorcetExistRate",0.427
"OppPrefs",7,51,0.15,2000,"Automatic",0.9,"SDM",,1.584962500721156,"MidScore",0.8446666666666672
"OppPrefs",7,51,0.15,2000,"Automatic",0.9,"SDM",,2.3219280948873626,"Top1Acceptability",0.02221568627450978
"OppPrefs",7,51,0.15,2000,"Automatic",0.9,"SDM",,2.3219280948873626,"Top2Acceptability",0.06887254901960776
"OppPrefs",7,51,0.15,2000,"Automatic",0.9,"SDM",,2.3219280948873626,"Gap",0.6344535353535352
"OppPrefs",7,51,0.15,2000,"Automatic",0.9,"SDM",,2.3219280948873626,"CondorcetEfficiency",0.2892271662763466
"OppPrefs",7,51,0.15,2000,"Automatic",0.9,"SDM",,2.3219280948873626,"CondorcetExistRate",0.427
"OppPrefs",7,51,0.15,2000,"Automatic",0.9,"SDM",,2.3219280948873626,"MidScore",0.9086666666666671
"OppPrefs",7,51,0.15,2000,"Automatic",0.9,"SDM",,4.321928094887361,"Top1Acceptability",0.020088235294117632
"OppPrefs",7,51,0.15,2000,"Automatic",0.9,"SDM",,4.321928094887361,"Top2Acceptability",0.05958823529411757
"OppPrefs",7,51,0.15,2000,"Automatic",0.9,"SDM",,4.321928094887361,"Gap",0.6180088383838384
"OppPrefs",7,51,0.15,2000,"Automatic",0.9,"SDM",,4.321928094887361,"CondorcetEfficiency",0.2224824355971897
"OppPrefs",7,51,0.15,2000,"Automatic",0.9,"SDM",,4.321928094887361,"CondorcetExistRate",0.427
"OppPrefs",7,51,0.15,2000,"Automatic",0.9,"SDM",,4.321928094887361,"MidScore",0.9455000000000003
"OppPrefs",7,51,0.15,2000,"Automatic",1,"SDM",,1.15200309344505,"Top1Acceptability",0.018480392156862736
"OppPrefs",7,51,0.15,2000,"Automatic",1,"SDM",,1.15200309344505,"Top2Acceptability",0.11267647058823517
"OppPrefs",7,51,0.15,2000,"Automatic",1,"SDM",,1.15200309344505,"Gap",0.7928476399084007
"OppPrefs",7,51,0.15,2000,"Automatic",1,"SDM",,1.15200309344505,"CondorcetEfficiency",0.27287853577371046
"OppPrefs",7,51,0.15,2000,"Automatic",1,"SDM",,1.15200309344505,"CondorcetExistRate",0.601
"OppPrefs",7,51,0.15,2000,"Automatic",1,"SDM",,1.15200309344505,"MidScore",0.7488333333333336
"OppPrefs",7,51,0.15,2000,"Automatic",1,"SDM",,1.584962500721156,"Top1Acceptability",0.006549019607843139
"OppPrefs",7,51,0.15,2000,"Automatic",1,"SDM",,1.584962500721156,"Top2Acceptability",0.050754901960784256
"OppPrefs",7,51,0.15,2000,"Automatic",1,"SDM",,1.584962500721156,"Gap",0.7384853080494383
"OppPrefs",7,51,0.15,2000,"Automatic",1,"SDM",,1.584962500721156,"CondorcetEfficiency",0.13976705490848584
"OppPrefs",7,51,0.15,2000,"Automatic",1,"SDM",,1.584962500721156,"CondorcetExistRate",0.601
"OppPrefs",7,51,0.15,2000,"Automatic",1,"SDM",,1.584962500721156,"MidScore",0.8646666666666671
"OppPrefs",7,51,0.15,2000,"Automatic",1,"SDM",,2.3219280948873626,"Top1Acceptability",0.004117647058823529
"OppPrefs",7,51,0.15,2000,"Automatic",1,"SDM",,2.3219280948873626,"Top2Acceptability",0.032882352941176446
"OppPrefs",7,51,0.15,2000,"Automatic",1,"SDM",,2.3219280948873626,"Gap",0.6466821428571428
"OppPrefs",7,51,0.15,2000,"Automatic",1,"SDM",,2.3219280948873626,"CondorcetEfficiency",0.08236272878535773
"OppPrefs",7,51,0.15,2000,"Automatic",1,"SDM",,2.3219280948873626,"CondorcetExistRate",0.601
"OppPrefs",7,51,0.15,2000,"Automatic",1,"SDM",,2.3219280948873626,"MidScore",0.9433333333333336
"OppPrefs",7,51,0.15,2000,"Automatic",1,"SDM",,4.321928094887361,"Top1Acceptability",0.003137254901960783
"OppPrefs",7,51,0.15,2000,"Automatic",1,"SDM",,4.321928094887361,"Top2Acceptability",0.024921568627450957
"OppPrefs",7,51,0.15,2000,"Automatic",1,"SDM",,4.321928094887361,"Gap",0.599613492063492
"OppPrefs",7,51,0.15,2000,"Automatic",1,"SDM",,4.321928094887361,"CondorcetEfficiency",0.045757071547420966
"OppPrefs",7,51,0.15,2000,"Automatic",1,"SDM",,4.321928094887361,"CondorcetExistRate",0.601
"OppPrefs",7,51,0.15,2000,"Automatic",1,"SDM",,4.321928094887361,"MidScore",0.9831666666666667
